번호,회사명,종목코드,폐지일자,폐지사유,비고
1483,원익피앤이,131390,2022-11-29,피흡수합병,
1482,유비온,84440,2022-11-18,코스닥시장 이전상장,유비온
1481,참존글로벌,158310,2022-11-09,기업의 계속성 및 경영의 투명성 등을 종합적으로 고려하여 상장폐지기준에 해당한다고 결정,
1480,레드로버,60300,2022-11-04,기업의 계속성 및 경영의 투명성 등을 종합적을 고려하여 상장폐지기준에 해당한다고 결정,
1479,LX세미콘,108320,2022-11-03,유가증권시장 상장,LX세미콘
1478,케이프이에스제4호,347140,2022-10-31,상장예비심사 청구서 미제출로 관리종목 지정 후 1개월 이내 동 사유 미해소,
1477,뉴로스,126870,2022-10-26,감사의견 거절(감사범위 제한 및 계속기업 존속능력 불확실성),
1476,SK5호스팩,337450,2022-10-18,피흡수합병(스팩소멸합병),
1475,SK6호스팩,340350,2022-10-18,상장예비심사 청구서 미제출로 관리종목 지정 후 1개월 이내 동 사유 미해소,
1474,연이비앤티,90740,2022-10-17,기업의 계속성 및 경영의 투명성 등을 종합적으로 고려하여 상장폐지기준에 해당한다고 결정,
1473,테라셈,182690,2022-10-17,감사의견 거절(감사범위 제한),
1472,한일네트웍스,46110,2022-10-05,상장폐지 신청('22.08.31),
1471,선바이오,67370,2022-10-05,코스닥시장 이전상장,선바이오
1470,하나금융14호스팩,332710,2022-09-26,상장예비심사 청구서 미제출로 관리종목 지정 후 1개월 이내 동사유 미해소,
1469,매직마이크로,127160,2022-09-22,감사의견 거절(감사범위 제한 및 계속기업 존속능력 불확실성),
1468,소리바다,53110,2022-09-07,감사의견 거절(감사범위 제한),
1467,하이제5호스팩,340120,2022-07-28,상장예비심사 청구서 미제출로 관리종목 지정 후 1개월 이내 동사유 미해소,
1466,롯데푸드,2270,2022-07-20,해산 사유 발생,
1465,원텍,216280,2022-06-30,피흡수합병,
1464,에이치엔티,176440,2022-06-27,기업의 계속성 및 경영의 투명성 등을 종합적을 고려하여 상장폐지기준에 해당한다고 결정,
1463,비플라이소프트,148780,2022-06-20,코스닥시장 이전상장,비플라이소프트
1462,티티씨디펜스,309900,2022-06-16,외부감사인의 감사의견 의견거절,
1461,맘스터치,220630,2022-05-31,상장폐지 신청('22.03.30),
1460,에스에이치엔엘,50320,2022-05-31,감사의견 거절,
1459,세영디앤씨,52190,2022-05-27,감사의견 거절(감사범위 제한 및 계속기업 존속능력에 대한 불확실성),
1458,SNK,950180,2022-05-18,상장폐지 신청('22.04.14),
1457,인터코스,240340,2022-05-17,외부감사인의 감사의견 의견거절,
1456,케이비제19호스팩,330990,2022-05-09,상장예비심사 청구서 미제출로 관리종목 지정 후 1개월 이내 동사유 미해소,
1455,미애부,225850,2022-04-27,감사의견 의견거절(감사범위제한 및 계속기업 존속불확실성),
1454,엠앤씨생명과학,225860,2022-04-27,감사의견 의견거절(감사범위제한 및 계속기업 존속불확실성),
1453,현진소재,53660,2022-04-26,감사의견 거절(감사범위 제한 및 계속기업 존속능력에 대한 불확실성),
1452,스포츠서울,39670,2022-04-20,기업의 계속성 및 경영의 투명성 등을 종합적으로 고려하여 상장폐지기준에 해당한다고 결정,
1451,넥슨지티,41140,2022-04-15,피흡수합병,
1450,이십일스토어,270020,2022-04-14,사업보고서 법정제출기한('22.3.31限) 내 미제출,
1449,하이골드3호,153360,2022-04-11,감사의견 부적정,
1448,한프,66110,2022-04-06,감사의견 거절(감사범위 제한),
1447,상상인이안제2호스팩,329560,2022-04-04,상장예비심사 청구서 미제출로 관리종목 지정 후 1개월 이내 동사유 미해소,
1446,엔에스쇼핑,138250,2022-03-22,지주회사(최대주주등)의 완전자회사화 등,
1445,씨엠에스에듀,225330,2022-03-17,피흡수합병,
1444,케어룸의료산업,327970,2022-03-11,상장폐지 신청,
1443,지스마트글로벌,114570,2022-02-23,감사의견 거절(감사범위 제한 및 계속기업 존속능력에 대한 불확실성),
1442,폴루스바이오팜,7630,2022-02-22,감사의견 의견거절 2년 계속,
1441,이베스트이안스팩1호,323210,2022-02-17,상장예비심사 청구서 미제출로 관리종목 지정 후 1개월 이내 동사유 미해소,
1440,인카금융서비스,211050,2022-02-16,코스닥시장 이전상장,인카금융서비스
1439,케이비제18호스팩,323940,2022-02-04,상장예비심사 청구서 미제출로 관리종목 지정 후 1개월 이내 동사유 미해소,
1438,애드바이오텍,179530,2022-01-24,코스닥시장 이전상장,애드바이오텍
1437,부산도시가스,15350,2022-01-18,지주회사(최대주주등)의 완전자회사화 등,
1436,SBS미디어홀딩스,101060,2022-01-18,해산 사유 발생,
1435,자안바이오,221610,2022-01-05,발행한 어음 또는 수표가 주거래은행에 의하여 최종부도로 결정되거나 거래은행에 의한 거래정지,
1434,하이골드12호,172580,2022-01-03,신청에 의한 상장폐지,
1433,래몽래인,200350,2021-12-30,코스닥시장 이전상장,래몽래인
1432,SK머티리얼즈,36490,2021-12-27,피흡수합병,
1431,GV,45890,2021-12-20,해산사유 발생(파산선고),
1430,툴젠,199800,2021-12-10,코스닥시장 이전상장,툴젠
1429,에스에이티이엔지,158300,2021-12-09,피흡수합병,
1428,유안타제4호스팩,313750,2021-12-07,상장예비심사 청구서 미제출로 관리종목 지정 후 1개월 이내 동사유 미해소,
1427,한화에스비아이스팩,317320,2021-12-07,상장예비심사 청구서 미제출로 관리종목 지정 후 1개월 이내 동 사유 미해소,
1426,다이노나,86080,2021-11-22,피흡수합병,
1425,바이옵트로,222160,2021-11-18,코스닥시장 이전상장,바이옵트로
1424,녹십자셀,31390,2021-11-17,피흡수합병,
1423,코오롱머티리얼,144620,2021-11-05,지주회사(최대주주등)의 완전자회사화 등,
1422,케이비17호스팩,317030,2021-11-04,상장예비심사 청구서 미제출로 관리종목 지정 후 1개월 이내 동사유 미해소,
1421,이엠네트웍스,87730,2021-10-08,기업의 계속성 및 경영의 투명성 등을 종합적으로 고려하여 상장폐지기준에 해당한다고 결정,
1420,코너스톤네트웍스,33110,2021-10-08,감사의견 거절(감사범위 제한 및 계속기업 존속능력에 대한 불확실성),
1419,에이아이비트,39230,2021-10-06,감사의견 거절(감사범위 제한),
1418,미래테크놀로지,213090,2021-10-05,피흡수합병,
1417,지유온,111820,2021-09-30,기업의 계속성 및 경영의 투명성 등을 종합적으로 고려하여 상장폐지기준에 해당한다고 결정,
1416,에스앤디,260970,2021-09-29,코스닥시장 이전상장,에스앤디
1415,엔에이치스팩13호,310840,2021-09-23,상장예비심사청구서 미제출,
1414,맥스로텍,141070,2021-09-16,발행한 어음 또는 수표가 주거래은행에 의하여 최종부도로 결정되거나 거래은행에 의한 거래정지,
1413,에스제이케이,80440,2021-09-13,해산사유 발생(파산선고),
1412,에이비온,203400,2021-09-08,코스닥시장 이전상장,에이비온
1411,디에스티,33430,2021-09-02,감사의견 한정(감사범위 제한),
1410,폭스소프트,354230,2021-09-01,지정자문인 선임계약 해지 후 30일 이내 미체결(2021.8.18 限),
1409,화신테크,86250,2021-08-31,감사의견 거절(감사범위 제한),
1408,우리금융캐피탈,33660,2021-08-27,지주회사(최대주주등)의 완전자회사화 등,
1407,팍스넷,38160,2021-08-23,감사의견 거절(감사범위 제한 및 계속기업 존속능력에 대한 불확실성),
1406,엠로,58970,2021-08-13,코스닥시장 이전상장,엠로
1405,럭슬,33600,2021-08-11,감사의견 거절(감사범위 제한),
1404,PI첨단소재,178920,2021-08-09,유가증권시장 상장,PI첨단소재
1403,제낙스,65620,2021-08-09,감사의견 거절(감사범위 제한 및 계속기업 존속능력에 대한 불확실성),
1402,키움제5호스팩,311270,2021-08-02,상장예비심사 청구서 미제출로 관리종목 지정 후 1개월 이내 동사유 미해소,
1401,에브리봇,270660,2021-07-28,코스닥시장 이전상장,에브리봇
1400,휴럼,284420,2021-07-27,피흡수합병,
1399,케이맥,43290,2021-07-20,피흡수합병,
1398,GS홈쇼핑,28150,2021-07-16,피흡수합병,
1397,SK4호스팩,307070,2021-07-13,상장예비심사 청구서 미제출로 관리종목 지정 후 1개월 이내 동사유 미해소,
1396,하나머스트제6호스팩,307160,2021-07-08,상장예비심사 청구서 미제출로 관리종목 지정 후 1개월 이내 동사유 미해소,
1395,엠씨넥스,97520,2021-07-06,유가증권시장 상장,엠씨넥스
1394,라온테크,232680,2021-06-17,코스닥시장 이전상장,라온테크
1393,에스앤씨엔진그룹,900080,2021-06-14,"법정제출기한까지 사업보고서를 제출하지 아니한 후, 법정제출기한의 다음날부터 10일이내에 사업보고서를 제출하지 아니함",
1392,아이엠텍,226350,2021-06-11,감사의견 거절(감사범위 제한),
1391,퓨전,195440,2021-06-10,감사의견 거절(감사범위 제한 및 계속기업 존속능력에 대한 불확실성),
1390,행남사,8800,2021-06-07,기업의 계속성 및 경영의 투명성 등을 종합적으로 고려하여 상장폐지기준에 해당한다고 결정,
1389,에이팸,73070,2021-06-04,기업의 계속성 및 경영의 투명성 등을 종합적으로 고려하여 상장폐지기준에 해당,
1388,SGA클라우드서비스,224880,2021-05-06,분산요건 미달,
1387,전우정밀,120780,2021-05-06,분산요건 미달,
1386,에이치디,102210,2021-04-19,기업의 계속성 및 경영의 투명성 등을 종합적으로 고려하여 상장폐지기준에 해당한다고 결정,
1385,한국아트라스비엑스,23890,2021-04-19,피흡수합병,
1384,동성화학,5190,2021-04-16,해산 사유 발생,
1383,구스앤홈,329050,2021-04-13,사업보고서 법정제출기한('21.3.31限)내 미제출,
1382,미래SCI,28040,2021-04-13,"최근 2년간 3회 이상 공시규정 제19조제1항의 규정에 의한 사업보고서, 반기보고서 또는 분기보고서 법정제출기한 내 미제출",
1381,씨이랩,189330,2021-02-24,코스닥시장 이전상장,씨이랩
1380,피엔에이치테크,239890,2021-02-16,코스닥시장 이전상장,피엔에이치테크
1379,이매진아시아,36260,2021-02-15,기업의 계속성 및 경영의 투명성 등을 종합적으로 고려하여 상장폐지기준에 해당,
1378,원바이오젠,278380,2021-02-09,피흡수합병,
1377,이에스산업,241510,2021-01-26,지정자문인 선임계약 해지 후 30일 이내 미체결(2021.1.13 限),
1376,한국제7호스팩,291210,2021-01-15,상장예비심사 청구서 미제출로 관리종목 지정 후 1개월 이내 동사유 미해소,
1375,엠에프엠코리아,251960,2020-12-30,피흡수합병,
1374,TS트릴리온,284610,2020-12-30,피흡수합병,
1373,SKC 솔믹스,57500,2020-12-23,타법인의 완전자회사로 편입,
1372,지놈앤컴퍼니,314130,2020-12-23,코스닥시장 이전상장,지놈앤컴퍼니
1371,코리아오토글라스,152330,2020-12-18,해산 사유 발생,
1370,에프앤가이드,64850,2020-12-17,코스닥시장 이전상장,에프앤가이드
1369,비엔에프코퍼레이션,271780,2020-11-05,상장폐지 신청('20.10.13),
1368,미코바이오메드,214610,2020-10-22,코스닥시장 이전상장,미코바이오메드
1367,비나텍,126340,2020-09-23,코스닥시장 이전상장,비나텍
1366,파티게임즈,194510,2020-09-09,감사의견거절(감사범위 제한),
1365,신한제4호스팩,277480,2020-08-20,상장예비심사 청구서 미제출로 관리종목 지정 후 1개월 이내 동 사유 미해소,
1364,코썬바이오,204990,2020-08-11,기업의 계속성 및 경영의 투명성 등을 종합적으로 고려하여 상장폐지기준에 해당한다고 결정,
1363,티씨엠생명과학,228180,2020-08-07,포괄적 주식교환에 따른 상장폐지 신청('20.7.17),
1362,바이오빌,65940,2020-07-31,감사의견 거절(감사범위 제한 및 계속기업 존속능력에 대한 불확실성),
1361,이엔드디,101360,2020-07-30,코스닥시장 이전상장,이엔드디
1360,한국제6호스팩,281410,2020-07-27,상장예비심사 청구서 미제출로 관리종목 지정 후 1개월 이내 동 사유 미해소,
1359,제놀루션,225220,2020-07-24,코스닥시장 이전상장,제놀루션
1358,티에스아이,277880,2020-07-22,코스닥시장 이전상장,티에스아이
1357,고려개발,4200,2020-07-21,해산 사유 발생,
1356,인터파크,108790,2020-07-16,피흡수합병,
1355,한국제지,2300,2020-07-13,해산 사유 발생,
1354,모다,149940,2020-07-10,감사의견거절(감사범위 제한),
1353,한화에이스스팩4호,279410,2020-07-03,상장예비심사 청구서 미제출로 관리종목 지정 후 1개월 이내 동 사유 미해소,
1352,화진,134780,2020-07-02,감사의견거절(감사범위제한),
1351,하나니켈2호,99350,2020-07-01,존속기간 만료,
1350,하나니켈1호,99340,2020-07-01,존속기간 만료,
1349,신한,5450,2020-06-30,감사의견 의견거절 2년 계속,
1348,에스에프씨,112240,2020-06-30,감사의견 거절(감사범위 제한),
1347,젠큐릭스,229000,2020-06-25,코스닥시장 이전상장,젠큐릭스
1346,동북아12호선박투자,83370,2020-06-23,존속기간 만료,
1345,IBKS제7호스팩,276920,2020-06-18,상장예비심사 청구서 미제출로 관리종목 지정 후 1개월 이내 동 사유 미해소,
1344,LPK로보틱스,183350,2020-06-17,"외부감사인의 감사의견 거절(감사범위 제한), 감사의견 한정(감사범위 제한)",
1343,카이노스메드,220250,2020-06-08,피흡수합병,
1342,웅진에너지,103130,2020-06-01,감사의견 의견거절 2년 계속,
1341,이엘케이,94190,2020-05-22,감사의견 거절(감사범위 제한 및 계속기업 존속능력에 대한 불확실성),
1340,차이나그레이트,900040,2020-05-22,"법정제출기한까지 사업보고서를 제출하지 아니한 후, 법정제출기한의 다음날부터 10일이내에 사업보고서를 제출하지 아니함",
1339,피앤텔,54340,2020-05-21,감사의견 거절(감사범위 제한 및 계속기업 존속능력에 대한 불확실성),
1338,에스마크,30270,2020-05-21,감사의견거절(감사범위제한 및 계속기업 존속 불확실),
1337,리드,197210,2020-05-14,기업의 계속성 및 경영의 투명성 등을 종합적으로 고려하여 상장폐지기준에 해당한다고 결정,
1336,케미메디,205290,2020-05-13,외부감사인의 감사의견 의견거절(감사범위 제한),
1335,씨티네트웍스,189540,2020-05-12,감사의견 거절(계속기업 존속능력에 대한 불확실성),
1334,동북아13호선박투자,83380,2020-05-04,존속기간 만료,
1333,하이골드8호,159650,2020-04-27,감사의견 부적정,
1332,한화갤러리아타임월드,27390,2020-04-16,지주회사(최대주주등)의 완전자회사화 등,
1331,파인넥스,123260,2020-04-10,"제28조제1항제9호에 따라 관리종목 지정 후 공시규정 제19조제1항에 따른 사업보고서 법정제출기한 내 미제출, 최근 2년간 3회 이상 공시규정 제19조제1항의 규정에 의한 사업보고서, 반기보고서 또는 분기보고서 법정제출기한 내 미제출",
1330,드림티엔터테인먼트,220110,2020-04-10,사업보고서 법정제출기한('20.3.30限)내 미제출,
1329,두산건설,11160,2020-03-24,지주회사(최대주주등)의 완전자회사화 등,
1328,한국제5호스팩,271740,2020-03-03,상장예비심사 청구서 미제출로 관리종목 지정 후 1개월 이내 동 사유 미해소,
1327,대원모방,311840,2020-02-27,지정자문인 선임계약 해지 후 30일 이내 미체결(2020.2.13 限),
1326,유쎌,252370,2020-02-27,지정자문인 선임계약 해지 후 30일 이내 미체결(2020.2.13 限),
1325,오렌지라이프,79440,2020-02-14,지주회사(최대주주등)의 완전자회사화 등,
1324,썬텍,122800,2020-02-12,기업의 계속성 및 경영의 투명성 등을 종합적으로 고려하여 상장폐지기준에 해당한다고 결정,
1323,위세아이텍,65370,2020-02-10,코스닥시장 이전상장,위세아이텍
1322,한컴지엠디,77280,2020-01-16,피흡수합병,
1321,한화수성스팩,265920,2020-01-15,상장예비심사 청구서 미제출로 관리종목 지정후 1개월 이내 동사유를 미해소,
1320,미래에셋대우스팩1호,265480,2020-01-03,상장예비심사 청구서 미제출로 관리종목 지정 후 1개월 이내 동 사유 미해소,
1319,소프트캠프,210610,2019-12-30,피흡수합병,
1318,아이엘사이언스,122050,2019-12-27,피흡수합병,
1317,제이테크놀로지,35480,2019-12-12,기업의 계속성 및 경영의 투명성 등을 종합적으로 고려하여 상장폐지기준에 해당한다고 결정,
1316,한화에이스스팩3호,264290,2019-12-06,상장예비심사 청구서 미제출로 관리종목 지정 후 1개월 이내 동 사유 미해소,
1315,리메드,302550,2019-12-06,코스닥시장 이전상장,리메드
1314,인프라웨어테크놀러지,247300,2019-12-06,피흡수합병,
1313,한국비엔씨,226610,2019-12-03,피흡수합병,
1312,데코앤이,17680,2019-11-20,발행한 어음 또는 수표가 주거래은행에 의하여 최종부도로 결정되거나 거래은행에 의한 거래정지,
1311,자비스,230400,2019-11-15,피흡수합병,
1310,미디어젠,279600,2019-11-05,코스닥시장 이전상장,미디어젠
1309,콘텐트리중앙,36420,2019-10-18,유가증권시장 상장,콘텐트리중앙
1308,대신밸런스제4호스팩,262830,2019-10-10,상장예비심사 청구서 미제출로 관리종목 지정 후 1개월 이내 동 사유 미해소,
1307,세종머티리얼즈,135270,2019-10-02,파산선고에 따른 해산사유 발생,
1306,알로이스,271400,2019-10-01,피흡수합병,
1305,신한제3호스팩,257730,2019-10-01,상장예비심사 청구서 미제출로 관리종목 지정 후 1개월 이내 동 사유 미해소,
1304,쿠첸,225650,2019-09-16,타법인의 완전자회사로 편입,
1303,SK3호스팩,232330,2019-08-30,상장예비심사 청구서 미제출로 관리종목 지정 후 1개월 이내 동 사유 미해소,
1302,그린플러스,186230,2019-08-07,코스닥시장 이전상장,그린플러스
1301,현대정보기술,26180,2019-07-17,피흡수합병,
1300,주노콜렉션,221670,2019-07-16,지정자문인 선임계약 해지 후 30일 이내 미체결(2019.7.2 限),
1299,포인트엔지니어링,176560,2019-07-16,피흡수합병,
1298,엔케이맥스,262760,2019-07-04,피흡수합병,
1297,사조해표,79660,2019-06-26,해산 사유 발생,
1296,줌인터넷,229480,2019-06-10,피흡수합병,
1295,포스코케미칼,3670,2019-05-29,유가증권시장 상장,포스코케미칼
1294,수젠텍,253840,2019-05-28,코스닥시장 이전상장,수젠텍
1293,영현무역,242850,2019-05-22,지정자문인 선임계약 해지 후 30일 이내 미체결(2019.5.8 限),
1292,알보젠코리아,2250,2019-05-20,지주회사(최대주주등)의 완전자회사화 등,
1291,트러스제7호,140890,2019-05-07,해산 사유 발생,
1290,에프티이앤이,65160,2019-05-03,감사의견 거절(감사범위 제한),
1289,지노믹트리,228760,2019-03-27,코스닥시장 이전상장,지노믹트리
1288,더블유게임즈,192080,2019-03-12,유가증권시장 상장,더블유게임즈
1287,제이에스피브이,250300,2019-03-04,지정자문인 선임계약 해지 후 30일이내 미체결(2019.2.1 限),
1286,스페이스솔루션,245030,2019-02-27,상장폐지 신청('19.1.25),
1285,원익테라세미콘,123100,2019-02-20,피흡수합병,
1284,우리은행,30,2019-02-13,지주회사(최대주주등)의 완전자회사화 등,
1283,한국4호스팩,240540,2019-01-29,상장예비심사 청구서 미제출로 관리종목 지정 후 1개월 이내 동 사유 미해소,
1282,차이나하오란,900090,2019-01-02,제28조제1항제9호에 따라 관리종목 지정 후 공시규정 제19조 제1항에 따른 분기보고서 법정기한 내 미제출,
1281,대덕GDS,4130,2018-12-19,해산 사유 발생,
1280,한국유리공업,2000,2018-12-13,신청에 의한 상장폐지,
1279,나무기술,167380,2018-12-11,피흡수합병,
1278,극동자동화,272420,2018-11-15,상장폐지 신청('18.11.5),
1277,본느,242420,2018-10-29,피흡수합병,
1276,광주은행,192530,2018-10-26,지주회사(최대주주등)의 완전자회사화 등,
1275,지디,155960,2018-10-12,감사의견 거절(감사범위 제한),
1274,하이에이아이1호스팩,235010,2018-10-12,상장예비심사 청구서 미제출로 관리종목 지정 후 1개월 이내 동 사유 미해소,
1273,케이비제9호스팩,232270,2018-10-12,상장예비심사 청구서 미제출로 관리종목 지정 후 1개월 이내 동 사유 미해소,
1272,우성아이비,194610,2018-10-12,감사의견거절(감사범위 제한 및 계속기업 존속능력에 대한 불확실성),
1271,세신버팔로,110660,2018-10-11,지정자문인 선임계약 해지 후 30일이내 미체결(2018.9.20限),
1270,트레이스,52290,2018-10-11,감사의견거절(감사범위 제한),
1269,넥스지,81970,2018-10-11,감사의견거절(감사범위제한),
1268,C&S자산관리,32040,2018-10-11,감사의견거절(범위제한 및 계속기업 존속능력에 대한 불확실성),
1267,레이젠,47440,2018-10-11,감사의견거절(감사범위 제한 및 계속기업 존속능력에 대한 불확실성),
1266,위너지스,26260,2018-10-11,감사의견거절(감사범위 제한),
1265,성지건설,5980,2018-10-04,감사의견 의견거절,
1264,케이엠제약,237720,2018-09-28,피흡수합병,
1263,지티지웰니스,219750,2018-09-21,코스닥시장 이전상장,지티지웰니스
1262,카카오M,16170,2018-09-18,피흡수합병,
1261,인산가,62580,2018-09-11,피흡수합병,
1260,에스와이제이,251540,2018-09-07,감사의견 거절(감사범위 제한),
1259,디지캡,197140,2018-09-07,코스닥시장 이전상장,디지캡
1258,오파스넷,173130,2018-08-24,코스닥시장 이전상장,오파스넷
1257,지성이씨에스,138290,2018-08-22,상장폐지 신청('18.7.19),
1256,에임하이,43580,2018-08-10,감사의견거절(감사범위 제한),
1255,피엠디아카데미,144740,2018-08-07,지정자문인 선임계약 해지 후 30일이내 미체결(2018.07.24限),
1254,동부제4호스팩,230490,2018-07-26,상장예비심사 청구서 미제출로 관리종목 지정 후 1개월 이내 동 사유 미해소,
1253,CJ E&M,130960,2018-07-18,피흡수합병,
1252,SIMPAC Metal,90730,2018-07-17,피흡수합병,
1251,하림홀딩스,24660,2018-07-16,피흡수합병,
1250,신텍,99660,2018-07-09,발행한 어음 또는 수표가 주거래은행에 의하여 최종부도로 결정되거나 거래은행에 의한 거래정지,
1249,키움스팩4호,226850,2018-06-05,상장예비심사 청구서 미제출로 관리종목 지정 후 1개월 이내 동 사유 미해소,
1248,이베스트스팩3호,225440,2018-05-28,상장예비심사 청구서 미제출로 관리종목 지정 후 1개월 이내 동 사유 미해소,
1247,완리,900180,2018-05-23,감사의견거절(감사범위 제한),
1246,시냅스엠,246830,2018-05-14,감사의견 거절(계속기업 존속능력에 대한 불확실성),
1245,태경피엔에스,235090,2018-05-09,감사의견 거절(감사범위 제한),
1244,스틸플라워,87220,2018-05-08,감사의견거절(감사범위 제한 및 계속기업 존속능력에 대한 불확실성),
1243,씨그널엔터테인먼트그룹,99830,2018-05-04,감사의견거절(감사범위 제한),
1242,에스엠로보틱스,252940,2018-04-25,감사의견 거절(감사범위 제한 및 계속기업 존속능력에 대한 불확실성),
1241,유디피,91270,2018-04-18,지정자문인 선임계약 해지 후 30일이내 미체결(2018.04.04限),
1240,유진스팩3호,221200,2018-04-17,상장예비심사 청구서 미제출로 관리종목 지정 후 1개월 이내 동 사유 미해소,
1239,교보5호스팩,223040,2018-03-30,상장예비심사 청구서 미제출로 관리종목 지정 후 1개월 이내 동 사유 미해소,
1238,케이비드림3호스팩,221950,2018-03-30,상장예비심사 청구서 미제출로 관리종목 지정 후 1개월 이내 동 사유 미해소,
1237,세기리텍,199870,2018-03-28,지정자문인 선임계약 해지후 30일이내 미체결(18.3.14限),
1236,도레이케미칼,8000,2018-03-20,지주회사(최대주주등)의 완전자회사화 등,
1235,썬코어,51170,2018-03-15,16사업연도 감사의견거절(계속기업 존속능력에 대한 불확실성) 및 '17사업연도 반기 감사의견거절(계속기업 존속능력에 대한 불확실성),
1234,케이비제8호스팩,222390,2018-03-13,상장예비심사 청구서 미제출로 관리종목 지정 후 1개월 이내 동 사유 미해소,
1233,위노바,39790,2018-03-09,기업의 계속성 및 경영의 투명성 등을 종합적으로 고려하여 상장폐지기준에 해당한다고 결정,
1232,한화에이스스팩2호,219860,2018-03-02,상장예비심사 청구서 미제출로 관리종목 지정 후 1개월 이내 동 사유 미해소,
1231,유안타제2호스팩,219960,2018-02-23,상장예비심사 청구서 미제출로 관리종목 지정 후 1개월 이내 동 사유 미해소,
1230,오스테오닉,226400,2018-02-22,코스닥시장 이전상장,오스테오닉
1229,엔지켐생명과학,183490,2018-02-21,코스닥시장 이전상장,엔지켐생명과학
1228,키움스팩3호,218710,2018-02-14,상장예비심사 청구서 미제출로 관리종목 지정 후 1개월 이내 동 사유 미해소,
1227,패션플랫폼,256090,2018-02-13,피흡수합병,
1226,아시아종묘,154030,2018-02-12,코스닥시장 이전상장,아시아종묘
1225,셀트리온,68270,2018-02-09,유가증권시장 상장,셀트리온
1224,골든브릿지제3호스팩,219580,2018-02-07,상장예비심사 청구서 미제출로 관리종목 지정 후 1개월 이내 동 사유 미해소,
1223,링크제니시스,219420,2018-02-05,코스닥시장 이전상장,링크제니시스
1222,엔에이치스팩7호,217810,2018-01-19,상장예비심사 청구서 미제출로 관리종목 지정 후 1개월 이내 동 사유 미해소,
1221,미래에셋제3호스팩,215750,2018-01-04,상장예비심사 청구서 미제출로 관리종목 지정 후 1개월 이내 동 사유 미해소,
1220,미래자원엠엘,233190,2017-12-28,피흡수합병,
1219,대우스팩3호,215580,2017-12-26,상장예비심사 청구서 미제출로 관리종목 지정 후 1개월 이내 동 사유 미해소,
1218,SGA시스템즈,232290,2017-12-22,피흡수합병,
1217,아이이,23430,2017-12-20,기업의 계속성 및 경영의 투명성 등을 종합적으로 고려하여 상장폐지기준에 해당한다고 결정,
1216,캐로스,260490,2017-11-29,지정자문인 선임계약 해지 후 30일이내 미체결(2017.11.15限),
1215,비디아이,148140,2017-11-09,코스닥시장 이전상장,비디아이
1214,SK1호스팩,207930,2017-11-06,상장예비심사 청구서 미제출로 관리종목 지정 후 1개월 이내 동 사유 미해소,
1213,폴라리스세원,234100,2017-10-20,코스닥시장 이전상장,폴라리스세원
1212,골든브릿지제2호스팩,206660,2017-10-20,상장예비심사 청구서 미제출로 관리종목 지정 후 1개월 이내 동 사유 미해소,
1211,엔에이치SL스팩,207720,2017-10-16,상장예비심사 청구서 미제출로 관리종목 지정 후 1개월 이내 동 사유 미해소,
1210,한진피앤씨,61460,2017-09-29,피흡수합병,
1209,중국원양자원,900050,2017-09-27,감사의견 의견거절,
1208,세화피앤씨,85980,2017-09-19,피흡수합병,
1207,엔에스브이,95300,2017-09-12,"감사의견 거절(내부회계관리제도상의 취약점, 계속기업가정의 불확실성 및 재고자산 관련 감사범위 제한)",
1206,케이피에스,256940,2017-09-06,코스닥시장 이전상장,케이피에스
1205,디피앤케이,189700,2017-08-31,지정자문인 선임계약 해지 후 30일이내 미체결(2017.08.17限),
1204,대성합동지주,5620,2017-08-25,해산 사유 발생,
1203,다린,204690,2017-08-02,상장폐지 신청('17.07.28),
1202,하나머스트3호스팩,208870,2017-07-31,상장예비심사 청구서 미제출로 관리종목 지정 후 1개월 이내 동 사유 미해소,
1201,아시아퍼시픽15호,83620,2017-07-31,존속기간 만료,
1200,아스팩오일,232360,2017-07-25,지정자문인 선임계약 해지 후 30일이내 미체결(2017.07.11限),
1199,웨이포트,900130,2017-07-25,상장폐지 신청('17.06.22),
1198,KB캐피탈,21960,2017-07-21,지주회사(최대주주등)의 완전자회사화 등,
1197,KB손해보험,2550,2017-07-21,지주회사(최대주주등)의 완전자회사화 등,
1196,비앤에스미디어,156170,2017-07-13,지정자문인 선임계약 해지 후 30일이내 미체결(2017.6.29限),
1195,카카오,35720,2017-07-10,유가증권시장 상장,카카오
1194,케이티비스팩1호,204650,2017-07-07,상장예비심사 청구서 미제출로 관리종목 지정 후 1개월 이내 동 사유 미해소,
1193,보루네오가구,4740,2017-07-05,"기업의 계속성, 경영의 투명성 및 기타 공익과 투자자 보호 등을 종합적으로 고려하여 상장폐지 기준에 해당한다고 결정",
1192,아시아퍼시픽14호,83610,2017-06-20,신청에 의한 상장폐지,
1191,아시아퍼시픽13호,83600,2017-06-15,신청에 의한 상장폐지,
1190,현대에이블스팩1호,204760,2017-06-15,상장예비심사 청구서 미제출로 관리종목 지정 후 1개월 이내 동 사유 미해소,
1189,아시아퍼시픽12호,83590,2017-06-15,신청에 의한 상장폐지,
1188,아시아퍼시픽11호,83580,2017-06-15,신청에 의한 상장폐지,
1187,아시아10호,83570,2017-06-15,신청에 의한 상장폐지,
1186,동북아11호선박투자,83360,2017-06-14,신청에 의한 상장폐지,
1185,동북아14호선박투자,83390,2017-06-14,신청에 의한 상장폐지,
1184,동북아10호선박투자,83350,2017-06-14,신청에 의한 상장폐지,
1183,금오하이텍,165270,2017-06-07,최종부도 발생,
1182,대우스팩2호,204440,2017-05-29,상장예비심사 청구서 미제출로 관리종목 지정 후 1개월 이내 동 사유 미해소,
1181,에스에스컴텍,36500,2017-05-11,감사의견 거절(감사범위 제한 및 계속기업 존속능력에 대한 불확실성),
1180,비엔씨컴퍼니,58370,2017-05-08,감사범위제한으로 인한 한정의견,
1179,신양오라컴,86830,2017-05-08,감사의견 거절(감사범위 제한 및 계속기업 존속능력에 대한 불확실성),
1178,코리아03호,90990,2017-04-25,감사의견 의견거절,
1177,코리아02호,90980,2017-04-25,감사의견 의견거절,
1176,코리아01호,90970,2017-04-25,감사의견 의견거절,
1175,코리아04호,91000,2017-04-25,감사의견 의견거절,
1174,넥솔론,110570,2017-04-17,자본전액잠식,
1173,우전,52270,2017-04-13,자본전액잠식 등,
1172,SY이노베이션,194860,2017-04-12,감사의견 거절(감사범위제한),
1171,이엘피,63760,2017-04-06,코스닥시장 이전상장,이엘피
1170,한솔아트원제지,7190,2017-03-15,해산 사유 발생,
1169,케이엔씨글로벌,68150,2017-03-07,기업의 계속성 및 경영의 투명성 등을 종합적으로 고려하여 상장폐지기준에 해당한다고 결정,
1168,한진해운,117930,2017-03-07,해산 사유 발생,
1167,SK컴즈,66270,2017-02-27,상장폐지신청('17.02.07),
1166,프리젠,60910,2017-02-24,최근 5사업연도 연속 영업손실 발생,
1165,한주라이트메탈,198940,2017-02-21,상장폐지 신청('17.1.18),
1164,미래에셋증권,37620,2017-01-20,해산 사유 발생,
1163,씨아이에스,144630,2017-01-20,피흡수합병,
1162,LG생명과학,68870,2017-01-17,해산 사유 발생,
1161,하이골드2호,139200,2017-01-11,신청에 의한 상장폐지,
1160,신성이엔지,104110,2017-01-02,해산 사유 발생,
1159,신성에프에이,104120,2017-01-02,해산 사유 발생,
1158,나이코,192240,2016-12-23,상장폐지 신청('16.12.9),
1157,코썬바이오,204990,2016-12-09,코스닥시장 이전상장,
1156,유니온커뮤니티,203450,2016-12-07,코스닥시장 이전상장,유니온커뮤니티
1155,솔트웍스,222520,2016-12-05,피흡수합병,
1154,이푸른,185280,2016-12-05,지정자문인 선임계약 해지 후 30일이내 미체결(2016.11.21限),
1153,퓨쳐켐,220100,2016-12-01,코스닥시장 이전상장,퓨쳐켐
1152,엘앤케이바이오,156100,2016-11-30,코스닥시장 이전상장,엘앤케이바이오
1151,핸디소프트,220180,2016-11-24,코스닥시장 이전상장,핸디소프트
1150,현대페인트,11720,2016-11-21,감사의견 의견거절,
1149,KB증권,3450,2016-11-01,지주회사(최대주주등)의 완전자회사화 등,
1148,아이팩토리,53810,2016-09-19,감사의견 거절(감사범위 제한 및 기업회계기준 위배),
1147,씨엘인터내셔널,37340,2016-09-08,2반기 연속 자본잠식률 50% 이상,
1146,엠제이비,74150,2016-09-05,감사의견거절(감사범위 제한),
1145,부산방직,25270,2016-08-18,피흡수합병,
1144,태림페이퍼,19300,2016-08-11,신청에 의한 상장폐지,
1143,디와이엘엔제이,207230,2016-07-26,지정자문인 선임계약의 해지한 날의 다음날부터 30일이내(2016.07.12限) 지정자문인 선임계약 미체결,
1142,피엘에이,82390,2016-07-25,기업의 계속성 및 경영의 투명성 등을 종합적으로 고려하여 상장폐지기준에 해당한다고 결정,
1141,아이윈플러스,123010,2016-07-20,코스닥시장 이전상장,아이윈플러스
1140,동서,26960,2016-07-15,유가증권시장 상장,동서
1139,에이치앤아이,103650,2016-07-14,최종부도 발생,
1138,한국토지신탁,34830,2016-07-11,유가증권시장 상장,한국토지신탁
1137,비지스틸,179440,2016-07-07,상장폐지 신청('16.6.14),
1136,비엘,142760,2016-07-07,코스닥시장 이전상장,비엘
1135,정다운,224090,2016-06-29,피흡수합병,
1134,알엔투테크놀로지,148250,2016-06-22,코스닥시장 이전상장,알엔투테크놀로지
1133,바다로3호,92630,2016-06-13,신청에 의한 상장폐지,
1132,경남에너지,8020,2016-05-19,신청에 의한 상장폐지,
1131,티이씨코,8900,2016-05-17,해산 사유 발생,
1130,제이앤유글로벌,86200,2016-05-09,감사의견거절(감사범위 제한),
1129,오상헬스케어,36220,2016-05-09,감사의견 거절(감사범위 제한으로 인한 의견거절),
1128,아이디에스,78780,2016-04-28,14사업연도 자본잠식률 50%이상 사유로 관리종목 지정 후 '15사업연도 반기 감사의견 거절,
1127,삼목강업,158380,2016-04-21,피흡수합병,
1126,포스코플랜텍,51310,2016-04-15,자본전액잠식,
1125,닉스테크,63840,2016-04-12,피흡수합병,
1124,플렉스컴,65270,2016-04-12,자본전액잠식,
1123,한화화인케미칼,25850,2016-03-15,해산 사유 발생,
1122,테라텍,151750,2016-02-23,상장폐지 신청('16.02.01),
1121,승화프리텍,111610,2016-01-25,"기업의 계속성, 경영의 투명성 또는 그 밖에 코스닥시장의 건전성 등을 종합적으로 고려하여 상장폐지 기준에 해당한다고 결정",
1120,삼양제넥스,3940,2016-01-21,해산 사유 발생,
1119,예스티,122640,2015-12-16,코스닥시장 이전상장,예스티
1118,리드,197210,2015-11-20,코스닥시장 이전상장,
1117,디엑스앤브이엑스,180400,2015-11-20,코스닥시장 이전상장,디엑스앤브이엑스
1116,매직마이크로,127160,2015-11-19,코스닥시장 이전상장,
1115,아이진,185490,2015-11-16,코스닥시장 이전상장,아이진
1114,평산차업,950010,2015-11-05,시가총액 미달,
1113,엑시콘,92870,2015-10-22,코스닥시장 이전상장,엑시콘
1112,코크렙15호,121550,2015-10-16,매출액 미달(50억원 미만) 2년 계속,
1111,GT&T,53870,2015-10-15,14사업연도 자본잠식률 50%이상 사유로 관리종목 지정 후 '15사업연도 반기 감사의견 거절,
1110,프렉코,82220,2015-09-25,지정자문인 선임계약의 해지한 날의 다음날부터 30일이내(2015.09.11限) 지정자문인 선임계약 미체결,
1109,KCW,68060,2015-09-18,"기업의 계속성, 경영의 투명성 또는 그 밖에 코스닥시장의 건전성 등을 종합적으로 고려하여 상장폐지 기준에 해당한다고 결정",
1108,이코리아리츠,138440,2015-09-16,"기업의 계속성, 경영의 투명성 및 기타 공익과 투자자 보호 등을 종합적으로 고려하여 상장폐지 기준에 해당한다고 결정",
1107,삼성물산,830,2015-09-15,해산 사유 발생,
1106,SK,3600,2015-08-17,해산 사유 발생,
1105,칩스앤미디어,94360,2015-08-05,코스닥시장 이전상장,칩스앤미디어
1104,디아이디,74130,2015-07-23,"기업의 계속성, 경영의 투명성 또는 그 밖에 코스닥시장의 건전성 등을 종합적으로 고려하여 상장폐지 기준에 해당한다고 결정",
1103,동성하이켐,13450,2015-07-20,피흡수합병,
1102,와이즈파워,40670,2015-07-16,자본전액잠식 등,
1101,현대하이스코,10520,2015-07-15,해산 사유 발생,
1100,에이스하이텍,71930,2015-07-10,감사의견거절(감사범위 제한),
1099,SK브로드밴드,33630,2015-07-01,상장폐지신청('15.6.11),
1098,경남은행,192520,2015-06-23,지주회사(최대주주등)의 완전자회사화 등,
1097,베셀,177350,2015-06-19,코스닥시장 이전상장,베셀
1096,티에스엠텍,66350,2015-05-20,발행한 어음 또는 수표가 주거래은행에 의하여 최종부도로 결정되거나 거래은행에 의한 거래정지,
1095,태창파로스,39850,2015-05-19,기업의 계속성 및 경영의 투명성 등을 종합적으로 고려하여 상장폐지기준에 해당한다고 결정,
1094,씨앤케이인터,39530,2015-05-19,기업의 계속성 및 경영의 투명성 등을 종합적으로 고려하여 상장폐지기준에 해당한다고 결정,
1093,잘만테크,90120,2015-05-13,감사의견 거절(계속기업 존속능력에 대한 불확실성 및 감사범위 제한),
1092,해피드림,65180,2015-05-04,감사범위제한으로 인한 한정의견,
1091,스탠다드펌,179280,2015-04-30,감사의견 거절(감사범위 제한 및 계속기업 존속능력에 대한 불확실성),
1090,웹솔루스,160350,2015-04-30,감사의견 거절(감사범위 제한 및 계속기업 존속능력에 대한 불확실성),
1089,영진코퍼레이션,53330,2015-04-23,자본전액잠식,
1088,삼환기업,360,2015-04-15,자본전액잠식,
1087,경남기업,800,2015-04-15,자본전액잠식,
1086,자원메디칼,181980,2015-04-15,상장폐지 신청('15.03.23),
1085,신일건업,14350,2015-04-15,자본전액잠식,
1084,울트라건설,4320,2015-04-13,자본전액잠식,
1083,우양에이치씨,101970,2015-03-17,발행한 어음 또는 수표가 주거래은행에 의하여 최종부도로 결정되거나 거래은행에 의한 거래 정지,
1082,아시아5호,82240,2015-03-13,신청에 의한 상장폐지,
1081,아시아6호,82250,2015-03-13,신청에 의한 상장폐지,
1080,아시아7호,82260,2015-03-13,신청에 의한 상장폐지,
1079,케이비부국위탁리츠,149130,2015-03-02,감사의견 부적정,
1078,로케트전기,420,2015-02-24,감사의견 의견거절,
1077,아시아8호,81930,2015-02-17,신청에 의한 상장폐지,
1076,국제엘렉트릭,53740,2015-02-10,상장폐지 신청('15.01.15),
1075,터보테크,32420,2015-01-27,기업의 계속성 및 경영의 투명성 등을 종합적으로 고려하여 상장폐지기준에 해당한다고 결정,
1074,디지텍시스템,91690,2015-01-21,감사의견 거절(감사범위 제한 및 계속기업 존속능력에 대한 불확실성),
1073,NH농협증권,16420,2015-01-20,해산 사유 발생,
1072,아시아4호,81210,2015-01-20,존속기간 만료,
1071,코크렙8호,90540,2015-01-16,해산 사유 발생,
1070,유니온스틸,3640,2015-01-16,해산 사유 발생,
1069,아시아9호,81940,2015-01-08,존속기간 만료,
1068,SBI모기지,950100,2015-01-07,신청에 의한 상장폐지,
1067,삼양엔텍,8720,2014-12-30,해산 사유 발생,
1066,아이티센,124500,2014-12-23,코스닥시장 이전상장,아이티센
1065,아시아3호,81200,2014-12-22,존속기간 만료,
1064,아시아2호,81190,2014-12-18,존속기간 만료,
1063,하이로닉,149980,2014-12-17,코스닥시장 이전상장,하이로닉
1062,랩지노믹스,84650,2014-12-16,코스닥시장 상장,랩지노믹스
1061,우리금융지주,53000,2014-11-19,해산 사유 발생,
1060,판타지오,187770,2014-11-10,피흡수합병,
1059,퓨얼셀,139170,2014-10-30,피흡수합병,
1058,테라셈,182690,2014-10-30,코스닥시장 상장,
1057,에프지엔개발리츠,119250,2014-10-29,"기업의 계속성, 경영의 투명성 및 기타 공익과 투자자 보호 등을 종합적으로 고려하여 상장폐지 기준에 해당한다고 결정",
1056,메디아나,41920,2014-10-07,코스닥시장 상장,메디아나
1055,뉴아세아,13340,2014-09-02,감사의견거절(감사범위 제한 및 계속기업 존속능력에 대한 불확실성),
1054,디브이에스,46400,2014-09-02,감사의견거절(감사범위제한),
1053,유니드코리아,110500,2014-09-02,감사의견 거절(계속기업 존속능력에 대한 불확실성),
1052,아진엑스텍,59120,2014-07-24,코스닥시장 상장,아진엑스텍
1051,에버테크노,70480,2014-07-17,감사의견 거절(감사범위 제한 및 계속기업 존속능력에 대한 불확실성,
1050,제일모직,1300,2014-07-15,해산 사유 발생,
1049,아시아1호,80180,2014-07-10,신청에 의한 상장폐지,
1048,실리콘화일,82930,2014-05-23,상장폐지신청('14.04.22),
1047,파브코,101990,2014-05-21,해산 사유 발생,
1046,CU전자,56340,2014-05-21,최종부도 발생,
1045,아라온테크,41060,2014-05-08,감사의견 거절(감사범위 제한 및 계속기업 존속능력에 대한 불확실성),
1044,동양건설,5900,2014-04-25,자본전액잠식,
1043,벽산건설,2530,2014-04-25,공시서류 미제출(사업보고서) 후 10일이내 미제출,
1042,동북아5호,80980,2014-04-25,신청에 의한 상장폐지,
1041,화인자산관리,10460,2014-04-15,보통주 주식분포요건 미충족 2년 계속,
1040,STX조선해양,67250,2014-04-15,자본전액잠식,
1039,쌍용건설,12650,2014-04-11,자본전액잠식 등,
1038,나노트로닉스,10670,2014-04-11,기업의 계속성 및 경영의 투명성 등을 종합적으로 고려하여 상장폐지기준에 해당,
1037,모린스,110310,2014-04-11,자본전액잠식 등,
1036,태산엘시디,36210,2014-04-11,자본전액잠식등,
1035,JS전선,5560,2014-04-10,신청에 의한 상장폐지,
1034,엠텍비젼,74000,2014-03-27,최근 5사업연도 연속 영업손실 발생 등,
1033,렉스엘이앤지,4790,2014-03-04,"기업의 계속성, 경영의 투명성 또는 기타 코스닥시장의 건전성 등을 종합적으로 고려하여 상장폐지가 필요하다고 인정",
1032,세미텍,81220,2014-03-03,피흡수합병,
1031,동북아4호,80970,2014-02-18,신청에 의한 상장폐지,
1030,동북아3호,80960,2014-02-11,신청에 의한 상장폐지,
1029,테라리소스,53320,2014-02-07,기업의 계속성 및 경영의 투명성 등을 종합적으로 고려하여 상장폐지기준에 해당,
1028,중국식품포장,900060,2013-10-11,상장폐지신청('13.09.06),
1027,중국고섬,950070,2013-10-04,감사의견 의견거절,
1026,에스와이코퍼레이션,8080,2013-09-25,신청에 의한 상장폐지,
1025,예당,49000,2013-09-10,기업의 계속성 및 경영의 투명성 등을 종합적으로 고려하여 상장폐지기준에 해당,
1024,위다스,56810,2013-09-10,의견거절(감사범위 제한),
1023,동북아2호,80030,2013-08-19,신청에 의한 상장폐지,
1022,지아이바이오,35450,2013-08-07,감사의견거절(감사범위 제한 및 계속기업으로서의 존속능력에 대한 불확실성),
1021,IBKS스팩1호,126680,2013-07-29,상장예비심사 청구서 미제출로 관리종목 지정 후 1개월 이내 동 사유 미해소,
1020,에스비엠,37630,2013-07-24,감사의견거절(감사범위 제한 및 계속기업으로서의 존속능력에 대한 불확실성),
1019,전북은행,6350,2013-07-18,지주회사의 완전자회사화(지주회사 신규상장),
1018,동부티에스블랙펄스팩,128910,2013-07-15,상장예비심사 청구서 미제출로 관리종목 지정 후 1개월 이내 동 사유 미해소,
1017,제너시스템즈,73930,2013-07-12,자본전액잠식,
1016,우경,25920,2013-07-10,감사의견거절(감사범위 제한),
1015,3노드디지탈,900010,2013-06-05,상장폐지 신청('13.05.08),
1014,글로스텍,12410,2013-06-04,감사의견 의견거절,
1013,부국퓨쳐스타즈스팩,123300,2013-06-03,상장예비심사 청구서 미제출로 관리종목 지정 후 1개월 이내 동 사유 미해소,
1012,지앤에스티,36920,2013-05-07,감사의견거절(감사범위 제한),
1011,룩손에너지,33550,2013-05-07,감사의견거절(감사범위 제한 및 계속기업으로서의 존속능력에 대한 불확실성),
1010,마이스코,88700,2013-05-04,감사의견거절(계속기업으로서의 존속능력에 대한 불확실성),
1009,네오퍼플,28090,2013-05-03,감사의견거절(감사범위 제한 및 계속기업으로서의 존속능력에 대한 불확실성),
1008,알앤엘바이오,3190,2013-05-03,감사의견 의견거절,
1007,에듀언스,9010,2013-05-01,감사의견거절(감사범위 제한 및 계속기업으로서의 존속능력에 대한 불확실성),
1006,자유투어,46840,2013-05-01,감사의견거절(감사범위 제한),
1005,유일엔시스,38720,2013-05-01,감사의견 부적정,
1004,디에스,51710,2013-05-01,감사의견거절(감사범위 제한 및 계속기업으로서의 존속능력에 대한 불확실성),
1003,하나은행,4940,2013-04-26,신청에 의한 상장폐지,
1002,아큐텍,13780,2013-04-23,"기업의 계속성, 경영의 투명성 또는 기타 코스닥시장의 건전성 등을 종합적으로 고려하여 상장폐지가 필요하다고 인정",
1001,유에이블,71530,2013-04-23,"기업의 계속성, 경영의 투명성 또는 기타 코스닥시장의 건전성 등을 종합적으로 고려하여 상장폐지가 필요하다고 인정",
1000,다함이텍,9280,2013-04-16,매출액 미달(50억원 미만) 2년 계속,
999,한일건설,6440,2013-04-16,자본전액잠식,
998,이디디컴퍼니,52650,2013-04-12,반기 재무제표에 대한 검토의견거절로 관리종목 지정후 자본잠식률 50% 이상,
997,삼우이엠씨,26250,2013-04-12,자본전액잠식,
996,휴먼텍코리아,66060,2013-04-12,자본전액잠식,
995,코리아05호,93400,2013-04-10,감사의견 의견거절,
994,코리아06호,93410,2013-04-10,감사의견 의견거절,
993,코리아07호,99210,2013-04-10,감사의견 의견거절,
992,엔터미디어,68420,2013-04-06,"기업의 계속성, 경영의 투명성 또는 기타 코스닥시장의 건전성 등을 종합적으로 고려하여 상장폐지가 필요하다고 인정",
991,대신증권그로쓰스팩,123550,2013-03-29,상장예비심사 청구서 미제출로 관리종목 지정 후 1개월 이내 동 사유 미해소,
990,한국스팩1호,123290,2013-03-29,상장예비심사 청구서 미제출로 관리종목 지정 후 1개월 이내 동 사유 미해소,
989,에스비아이앤솔로몬스,123910,2013-03-29,상장예비심사 청구서 미제출로 관리종목 지정 후 1개월 이내 동 사유 미해소,
988,태평양제약,16570,2013-03-15,신청에 의한 상장폐지,
987,신민저축은행,31920,2013-02-27,2반기 연속 자본잠식률 50%이상,
986,트라이써클,34010,2013-02-21,"기업의 계속성, 경영의 투명성 또는 기타 코스닥시장의 건전성 등을 종합적으로 고려하여 상장폐지가 필요하다고 인정",
985,한화SV스팩1호,124050,2013-02-15,상장예비심사 청구서 미제출로 관리종목 지정후 1개월 이내 동 사유 미해소,
984,AD모터스,38120,2013-01-30,"기업의 계속성, 경영의 투명성 또는 기타 코스닥시장의 건전성 등을 종합적으로 고려하여 상장폐지가 필요하다고 인정",
983,대한은박지,7480,2013-01-28,해산 사유 발생,
982,아세아페이퍼텍,9380,2013-01-23,해산 사유 발생,
981,롯데미도파,4010,2013-01-22,해산 사유 발생,
980,히든챔피언스팩1호,123160,2013-01-18,상장예비심사 청구서 미제출로 관리종목 지정후 1개월 이내 동 사유 미해소,
979,선진지주,14300,2013-01-18,해산 사유 발생,
978,케이피케미칼,64420,2013-01-15,해산 사유 발생,
977,우리스팩1호,122750,2012-12-21,SPAC 상장예비심사청구서 미제출 등,
976,중앙건설,15110,2012-12-11,보통주 주가수준미달,
975,알에스넷,46430,2012-12-05,"기업의 계속성, 경영의 투명성 또는 기타 코스닥시장의 건전성 등을 종합적으로 고려하여 상장폐지가 필요하다고 인정",
974,큐리어스,45050,2012-11-27,"기업의 계속성, 경영의 투명성 또는 기타 코스닥시장의 건전성 등을 종합적으로 고려하여 상장폐지가 필요하다고 인정",
973,넷웨이브,47730,2012-11-17,기업의 계속성 및 경영의 투명성 등을 종합적으로 고려하여 상장폐지 기준에 해당한다고 결정,
972,어울림 네트,42820,2012-11-17,기업의 계속성 및 경영의 투명성 등을 종합적으로 고려하여 상장폐지 기준에 해당한다고 결정,
971,엑큐리스,48460,2012-11-16,피흡수합병,
970,코원에너지서비스,26870,2012-11-15,신청에 의한 상장폐지,
969,동양밸류스팩,122290,2012-11-07,SPAC 상장예비심사청구서 미제출 등,
968,티브로드도봉강북방송,35210,2012-11-01,상장폐지신청('12.09.26),
967,넥스콘테크,38990,2012-11-01,상장폐지신청('12.10.09),
966,한빛방송,43890,2012-11-01,상장폐지 신청('12.09.26),
965,미래에셋스팩1호,121950,2012-10-23,상장예비심사 청구서 미제출로 관리종목 지정후 1개월 이내 동 사유 미해소,
964,진흥저축은행,7200,2012-10-17,자본전액잠식,
963,서울저축은행,16560,2012-10-17,자본잠식(자본금의 50/100이상 잠식) 2년 계속,
962,대우증권스팩,121910,2012-10-15,SPAC 상장예비심사청구서 미제출 등,
961,인스프리트,73130,2012-10-12,자본잠식률 50% 이상으로 관리종목 지정 이후 최근 반기의 재무제표에 대한 감사인의 감사의견거절 등,
960,웨스테이트,16140,2012-10-12,상장폐지신청('12.09.12),
959,SSCP,71660,2012-09-29,최종부도 발생,
958,유아이에너지,50050,2012-09-26,자본전액잠식,
957,성융광전투자,900150,2012-09-26,감사의견거절(감사범위 제한 및 계속기업존속능력 불확실성),
956,무한투자,34510,2012-09-25,시가총액 40억원 미달,
955,연합과기,900030,2012-09-14,감사의견 의견거절,
954,동양텔레콤,7150,2012-09-11,2회 연속 자본잠식률 50%이상,
953,어울림엘시스,33280,2012-09-11,2반기 연속 자본잠식률 50%이상,
952,어울림정보,38320,2012-09-08,2반기 연속 자본잠식률 50%이상,
951,엔케이바이오,19260,2012-09-05,"기업의 계속성, 경영의 투명성 또는 기타 코스닥시장의 건전성 등을 종합적으로 고려하여 상장폐지 기준에 해당한다고 결정",
950,배명금속,11800,2012-09-03,최종부도발생,
949,금강제강,105070,2012-08-14,최종부도 발생,
948,디에이치패션,45260,2012-08-01,"기업의 계속성, 경영의 투명성 또는 기타 코스닥시장의 건전성 등을 종합적으로 고려하여 상장폐지가 필요하다고 인정",
947,솔로몬저축은행,7800,2012-07-25,"기업의 계속성, 경영의 투명성 및 기타 공익과 투자자 보호 등을 종합적으로 고려하여 상장폐지 기준에 해당한다고 결정",
946,한국저축은행,25610,2012-07-25,"기업의 계속성, 경영의 투명성 및 기타 공익과 투자자 보호 등을 종합적으로 고려하여 상장폐지 기준에 해당한다고 결정",
945,엔스퍼트,98400,2012-07-24,"기업의계속성, 경영의 투명성 또는 기타 코스닥시장의 건전성 등을 종합적으로 고려하여 상장폐지 기준에 해당한다고 결정",
944,그린손해보험,470,2012-07-16,자본전액잠식,
943,한림창투,21060,2012-06-27,"기업의계속성, 경영의 투명성 또는 기타 코스닥시장의 건전성 등을 종합적으로 고려하여 상장폐지 기준에 해당한다고 결정",
942,대우송도개발,4550,2012-06-22,"기업의 계속성, 경영의 투명성 및 기타 공익과 투자자 보호 등을 종합적으로 고려하여 상장폐지 기준에 해당한다고 결정",
941,허메스홀딩스,12400,2012-06-12,감사의견 의견거절,
940,클루넷,67130,2012-06-08,"기업의 계속성, 경영의 투명성 또는 기타 코스닥시장의 건전성 등을 종합적으로 고려하여 상장폐지 기준에 해당한다고 결정",
939,케이비물산,8540,2012-06-08,감사의견 의견거절,
938,평안물산,37240,2012-06-01,감사의견거절(감사범위제한),
937,JH코오스,65310,2012-05-31,기업의 계속성 및 경영의 투명성 등을 종합적으로 고려하여 상장폐지 기준에 해당한다고 결정,
936,거북선4호,108890,2012-05-24,신청에 의한 상장폐지,
935,풍림산업,1310,2012-05-18,최종부도발생,
934,블루젬디앤씨,53040,2012-05-17,감사의견거절(감사범위 제한 및 계속기업존속 불확실성),
933,CT&T,50470,2012-05-01,감사 의견거절(감사범위 제한),
932,아인스M&M,40740,2012-05-01,감사의견거절(감사범위 제한 및 계속기업존속 불확실성),
931,폴리플러스,65610,2012-05-01,감사의견거절(감사범위제한),
930,보광티에스,66690,2012-05-01,감사의견 거절(감사범위 제한 및 계속기업존속불확실성),
929,비앤비성원,15200,2012-05-01,감사의견거절(감사범위제한),
928,에이프로테크놀로지,45470,2012-04-24,사업보고서 법정제출기한 익일부터 10일 이내 미제출 등,
927,에피밸리,68630,2012-04-24,사업보고서 법정제출기한 익일부터 10일 이내 미제출,
926,한국아태특별,98150,2012-04-23,해산 사유 발생,
925,케이알제2호,101790,2012-04-17,자본잠식(자본금의 50/100이상 잠식) 2년 계속,
924,코아에스앤아이,52350,2012-04-17,감사의견거절(감사범위 제한),
923,미주제강,2670,2012-04-17,발행한 어음 또는 수표가 주거래은행에 의하여 최종부도로 결정되거나 거래은행에 의한 거래 정지,
922,평산,89480,2012-04-13,감사의견거절(감사범위제한),
921,엘앤씨피,15390,2012-04-13,감사의견거절(감사범위제한),
920,아이스테이션,56010,2012-04-13,자본전액잠식 등,
919,미리넷,56710,2012-04-13,자본전액잠식,
918,대국,42340,2012-04-13,최근3사업연도중2사업연도자기자본 50%초과법인세비용차감전손실발생,
917,미성포리테크,94700,2012-04-13,자본전액잠식,
916,시노펙스그린테크,37320,2012-03-19,피흡수합병,
915,거북선5호,114130,2012-03-02,신청에 의한 상장폐지,
914,거북선7호,134000,2012-03-02,신청에 의한 상장폐지,
913,거북선6호,114140,2012-03-02,신청에 의한 상장폐지,
912,씨티엘테크,88960,2012-02-08,기업의 계속성 및 경영의 투명성 등을 종합적으로 고려하여 상장폐지 기준에 해당한다고 결정,
911,한국유전15-1,93820,2012-02-01,해산 사유 발생,
910,엔하이테크,46720,2012-02-01,기업의 계속성 및 경영의 투명성 등을 종합적으로 고려하여 상장폐지 기준에 해당한다고 결정,
909,에이원마이크로,37380,2012-02-01,기업의 계속성 및 경영의 투명성 등을 종합적으로 고려하여 상장폐지 기준에 해당한다고 결정,
908,지앤디윈텍,61050,2012-01-20,기업의 계속성 및 경영의 투명성 등을 종합적으로 고려하여 상장폐지 기준에 해당한다고 결정,
907,에이스앤파트너스,32930,2012-01-18,피흡수합병,
906,코오롱아이넷,22520,2012-01-11,해산 사유 발생,
905,엘앤피아너스,61140,2011-12-28,"기업의 계속성, 경영의 투명성 또는 기타 코스닥시장의 건전성 등을 종합적으로 고려하여 상장폐지가 필요하다고 결정",
904,그린기술투자,25340,2011-12-28,기업의 계속성 및 경영의 투명성 등을 종합적으로 고려하여 상장폐지 기준에 해당한다고 결정,
903,알덱스,25970,2011-12-20,피흡수합병,
902,디앤샵,90090,2011-12-15,피흡수합병,
901,더체인지,54120,2011-12-15,피흡수합병,
900,에스티씨라이프,26220,2011-11-29,기업의 계속성 및 경영의 투명성 등을 종합적으로 고려하여 상장폐지 기준에 해당한다고 결정,
899,코웰이홀딩스,900020,2011-11-26,상장폐지신청('11.10.27),
898,네스테크,37540,2011-11-26,"기업의 계속성, 경영의 투명성 또는 기타 코스닥시장의 건전성 등을 종합적으로 고려하여 상장폐지 기준에 해당한다고 결정",
897,맵스베트남1,94520,2011-11-24,신청에 의한 상장폐지,
896,아시아미디어홀딩스,52810,2011-11-22,"기업의 계속성, 경영의 투명성 또는 기타 코스닥시장의 건전성 등을 종합적으로 고려하여 상장폐지 기준에 해당한다고 결정",
895,네프로아이티,950030,2011-11-05,기업의 계속성 및 경영의 투명성 등을 종합적으로 고려하여 상장폐지 기준에 해당한다고 결정,
894,하나투어,39130,2011-11-01,유가증권시장 상장,하나투어
893,클라스타,37550,2011-10-26,"자본잠식률 50% 이상으로 관리종목 지정 후, 최근 반기의 재무제표에 대한 감사인의 감사의견 거절",
892,대양글로벌,40180,2011-10-25,감사의견거절(감사범위 제한),
891,제일저축은행,24100,2011-10-14,자본전액잠식,
890,제일창투,26540,2011-10-14,감사의견거절(감사범위제한),
889,토자이홀딩스,37700,2011-10-12,기업의 계속성 및 경영의 투명성 등을 종합적으로 고려하여 상장폐지 기준에 해당한다고 결정,
888,선팩테크,54010,2011-10-06,감사의견거절(감사범위 제한 및 계속기업으로서의 존속능력에 대한 불확실성),
887,에코페트로시스템,42870,2011-10-06,감사의견거절(감사범위 제한 및 계속기업으로서의 존속능력에 대한 불확실성),
886,하이트맥주,103150,2011-09-26,해산 사유 발생,
885,씨모텍,81090,2011-09-23,감사의견거절(감사범위 제한 및 계속기업으로서의 존속능력에 대한 불확실성) 등,
884,큐앤에스,52880,2011-09-23,상장폐지사유 발생,
883,히스토스템,36840,2011-09-15,"기업의 계속성, 경영의 투명성 또는 기타 코스닥시장의 건전성등을 종합적으로 고려하여 상장폐지가 필요하다고 인정",
882,동양매직,23020,2011-09-14,피흡수합병,
881,케이에스알,66340,2011-09-09,자본잠식률 50% 이상으로 관리종목 지정 후 반기보고서 법정제출기한 익일부터 10일 이내 반기 검토(감사)보고서 미제출,
880,세계투어,47600,2011-09-09,자본잠식률 50% 이상으로 관리종목 지정 후 반기보고서 법정제출기한 익일부터 10일이내 반기검토(감사)보고서 미제출,
879,에이블씨엔씨,78520,2011-09-07,유가증권시장 상장,에이블씨엔씨
878,에이스디지텍,36550,2011-08-22,피흡수합병,
877,이룸지엔지,50640,2011-08-20,"기업의 계속성, 경영의 투명성 또는 기타 코스닥시장의 건전성 등을 종합적으로 고려하여 상장폐지가 필요하다고 인정",
876,코오롱아이넷,22520,2011-07-19,유가증권시장 상장,
875,현대DSF,16510,2011-07-18,해산 사유 발생,
874,글로웍스,34600,2011-06-29,자본잠식률 50%이상으로 관리종목 지정 후 반기 재무제표에 대한 감사의견 거절,
873,다산리츠,105380,2011-06-24,감사의견 의견거절,
872,에코솔루션,52510,2011-06-16,감사의견거절(감사범위 제한 및 계속기업으로서의 존속능력에 대한 불확실성),
871,헤파호프,39350,2011-06-16,기업의 계속성 및 경영의 투명성 등을 종합적으로 고려하여 상장폐지 기준에 해당한다고 결정,
870,에듀패스,31950,2011-06-09,"기업의 계속성, 경영의 투명성 또는 기타 코스닥시장의 건전성 등을 종합적으로 고려하여 상장폐지가 필요하다고 인정",
869,대구은행,5270,2011-06-07,지주회사의 완전자회사화(지주회사 신규상장),
868,캠브리지코오롱,4620,2011-05-17,해산 사유 발생,
867,티엘씨레저,14590,2011-05-13,감사의견 의견거절,
866,훈영,17170,2011-05-13,감사의견 의견거절,
865,디패션,30420,2011-05-07,감사의견 부적정,
864,나이스메탈,72530,2011-05-07,감사의견거절(감사범위 제한 및 계속기업으로서의 존속능력에 대한 불확실성),
863,콜마파마,38710,2011-05-07,감사의견거절(계속기업으로서의 존속능력에 대한 불확실성),
862,지노시스템,33850,2011-05-07,감사의견거절(감사범위제한),
861,넥서스투자,19430,2011-04-29,감사의견거절(감사범위제한),
860,맥스브로,88810,2011-04-29,감사의견거절(감사범위 제한 및 계속기업으로서의 존속능력에 대한 불확실성),
859,세븐코스프,17160,2011-04-29,감사의견거절(감사범위제한 및 계속기업으로서의 존속능력에 대한 불확실성),
858,유니텍전자,39040,2011-04-29,감사의견거절(감사범위 제한 및 계속기업으로서의 존속능력에 대한 불확실성),
857,지앤알,43630,2011-04-29,감사의견거절(감사범위 제한 및 계속기업으로서의 존속능력에 대한 불확실성),
856,뉴젠아이씨티,54150,2011-04-29,감사의견거절(감사범위제한),
855,엔빅스,54170,2011-04-29,감사의견거절(감사범위 제한),
854,오라바이오틱스,16160,2011-04-26,공시서류 미제출(사업보고서) 후 10일이내 미제출,
853,알티전자,32290,2011-04-23,사업보고서 법정제출기한 익일부터 10일 이내 미제출,
852,포휴먼,49690,2011-04-23,사업보고서 법정제출기한 익일부터 10일이내 미제출,
851,한와이어리스,37020,2011-04-23,사업보고서 법정제출기한 익일부터 10일이내 미제출,
850,제이콤,60750,2011-04-16,최종부도 발생,
849,봉신,5350,2011-04-15,자본전액잠식,
848,셀런,13240,2011-04-15,자본전액잠식,
847,엠엔에프씨,48640,2011-04-13,자본전액잠식 등,
846,대선조선,31990,2011-04-13,자본전액잠식 등,
845,스톰이앤에프,43680,2011-04-13,자본전액잠식 등,
844,중앙디자인,30030,2011-04-13,자본전액잠식,
843,경윤하이드로,19120,2011-04-06,기업의 계속성 및 경영의 투명성 등을 종합적으로 고려하여 상장폐지 기준에 해당한다고 결정,
842,부산은행,5280,2011-03-30,지주회사의 완전자회사화(지주회사 신규상장),
841,CJ인터넷,37150,2011-03-22,씨제이이앤엠(주)에 피흡수합병,
840,온미디어,45710,2011-03-22,해산 사유 발생,
839,엠넷미디어,56200,2011-03-22,씨제이이앤엠(주)에 피흡수합병,
838,핸디소프트,32380,2011-03-03,기업의 계속성 및 경영의 투명성 등을 종합적으로 고려하여 상장폐지 기준에 해당한다고 결정,
837,한국전기초자,9720,2011-02-16,신청에 의한 상장폐지,
836,에스브이에이치,46240,2011-02-12,기업의 계속성 및 경영의 투명성 등을 종합적으로 고려하여 상장폐지 기준에 해당한다고 결정,
835,세실,84450,2011-02-10,감사의견거절(범위제한 및 계속기업 존속 불확실성),
834,아이피에스,51820,2011-01-14,피흡수합병,
833,네이쳐글로벌,88020,2011-01-08,"기업의 계속성, 경영의 투명성 또는 기타 코스닥시장의 건전성 등을 종합적으로 고려하여 상장폐지 기준에 해당한다고 결정",
832,지비베트남1,94950,2011-01-05,해산 사유 발생,
831,동북아8호,82110,2011-01-04,종목별 상장폐지신청,
830,코크렙7호,86720,2010-12-29,존속기간 만료,
829,동북아21호선박투자,88010,2010-12-28,존속기간 만료,
828,엠씨티티코어,52210,2010-12-04,"기업의 계속성, 경영의 투명성 또는 기타 코스닥시장의 건전성 등을 종합적으로 고려하여 상장폐지 기준에 해당한다고 결정",
827,거북선3호,102000,2010-12-03,신청에 의한 상장폐지,
826,거북선2호,101380,2010-12-03,신청에 의한 상장폐지,
825,이앤텍,47450,2010-11-30,"기업의 계속성, 경영의 투명성 또는 기타 코스닥시장의 건전성 등을 종합적으로 고려하여 상장폐지 기준에 해당한다고 결정",
824,동북아1호,78420,2010-11-29,신청에 의한 상장폐지,
823,태광이엔시,48140,2010-11-25,"기업의 계속성, 경영의 투명성 또는 기타 코스닥시장의 건전성 등을 종합적으로 고려하여 상장폐지 기준에 해당한다고 결정",
822,동부CNI,44640,2010-11-22,피흡수합병,
821,테스텍,48510,2010-11-10,최근 사업연도말 기준으로 자본잠식률 100분의 50 이상 및 자기자본 10억원 미만의 사유로 관리종목으로 지정된 후 최근 반기말 외부감사인의 감사보고서상 계속기업 존속능력에 대한 불확실성으로 인한 의견거절 발생,
820,하이드로젠파워,70080,2010-11-06,최종부도,
819,비케이탑스,30790,2010-11-02,유가증권시장 상장,비케이탑스
818,동북아6호,80410,2010-10-25,신청에 의한 상장폐지,
817,올리브나인,52970,2010-10-20,"기업의 계속성, 경영의 투명성 또는 기타 코스닥시장의 건전성 등을 종합적으로 고려하여 상장폐지 기준에 해당한다고 결정",
816,데코,13650,2010-10-19,피흡수합병,
815,골든경매일호,84160,2010-10-15,해산 사유 발생,
814,투미비티,58900,2010-10-12,"기업의 계속성, 경영의 투명성 또는 기타 코스닥시장의 건전성 등을 종합적으로 고려하여 상장폐지 기준에 해당한다고 결정",
813,다휘,55250,2010-10-01,"기업의 계속성, 경영의 투명성 또는 기타 코스닥시장의 건전성 등을 종합적으로 고려하여 상장폐지 기준에 해당한다고 결정",
812,브이에스에스티,35400,2010-10-01,기업의 계속성 및 경영의 투명성 등을 종합적으로 고려하여 상장폐지가 필요하다고 인정,
811,지오엠씨,33030,2010-09-25,"기업의 계속성, 경영의 투명성 또는 기타 코스닥시장의 건전성 등을 종합적으로 고려하여 상장폐지 기준에 해당한다고 결정",
810,인네트,41450,2010-09-14,최종부도 발생,
809,네오세미테크,89240,2010-09-03,감사의견거절(감사범위 제한),
808,퓨쳐인포넷,58690,2010-08-26,기업의 계속성 및 경영의 투명성 등을 종합적으로 고려하여 상장폐지가 필요하다고 인정,
807,쎄라텍,41550,2010-08-25,"기업의 계속성, 경영의 투명성 또는 기타 코스닥시장의 건전성 등을 종합적으로 고려하여 상장폐지 기준에 해당한다고 결정",
806,신세계톰보이,12580,2010-07-30,최종부도발생,
805,모라리소스,18890,2010-07-22,"기업의 계속성, 경영의 투명성 또는 기타 코스닥시장의 건전성 등을 종합적으로 고려하여 상장폐지 기준에 해당한다고 결정",
804,케드콤,11050,2010-07-22,감사의견 의견거절,
803,액티투오,47710,2010-07-21,"기업의 계속성, 경영의 투명성 또는 기타 코스닥시장의 건전성 등을 종합적으로 고려하여 상장폐지 기준에 해당한다고 결정",
802,무학,33920,2010-07-20,유가증권시장 상장,무학
801,현대푸드,114410,2010-07-16,해산 사유 발생,
800,메카포럼,35830,2010-07-16,"기업의 계속성, 경영의 투명성 또는 기타 코스닥시장의 건전성 등을 종합적으로 고려하여 상장폐지 기준에 해당한다고 결정",
799,한국고덴시,27840,2010-07-14,해산 사유 발생,
798,나리지*온,36850,2010-07-14,피흡수합병,
797,동북아15호,84240,2010-07-13,신청에 의한 상장폐지,
796,샤인시스템,66300,2010-06-29,"기업의 계속성, 경영의 투명성 또는 기타 코스닥시장의 건전성 등을 종합적으로 고려하여 상장폐지 기준에 해당한다고 결정",
795,에스디,66930,2010-06-29,상장폐지신청('10.06.01),
794,선우중공업,68770,2010-06-17,"기업의 계속성, 경영의 투명성 또는 기타 코스닥시장의 건전성 등을 종합적으로 고려하여 상장폐지 기준에 해당한다고 결정",
793,알이엔,23670,2010-06-17,"기업의 계속성, 경영의 투명성 또는 기타 코스닥시장의 건전성 등을 종합적으로 고려하여 상장폐지 기준에 해당한다고 결정",
792,케이씨오에너지,11400,2010-05-20,최종부도발생,
791,바이나믹,67850,2010-05-19,당해 코스닥시장상장법인의 계속성 및 경영의 투명성 등을 종합적으로 고려한 결과 상장폐지기준에 해당한다고 결정,
790,현대금속,18410,2010-05-13,감사의견 의견거절,
789,태창기업,7490,2010-05-13,감사의견 의견거절,
788,단성일렉트론,85990,2010-05-08,감사의견거절(감사범위제한),
787,인젠,41630,2010-05-08,감사범위제한으로 인한 의견거절,
786,오페스,53470,2010-05-08,감사범위제한으로 인한 감사의견 거절,
785,해원에스티,58480,2010-05-08,감사범위제한으로 인한 감사의견거절,
784,보홍,41320,2010-05-08,감사의견거절(감사범위제한),
783,쏠라엔텍,30390,2010-05-08,감사의견거절(감사범위제한 및 계속기업 존속 불확실),
782,하이스마텍,57100,2010-05-08,감사의견거절(감사범위제한),
781,엑스로드,74140,2010-05-08,감사범위제한으로 인한 의견거절,
780,이루넷,41030,2010-05-05,감사범위제한으로 인한 감사의견 거절,
779,지엔텍홀딩스,65410,2010-05-05,감사의견거절(감사범위제한 및 계속기업 존속 불확실),
778,성원건설,12090,2010-05-03,감사의견 의견거절,
777,유성티에스아이,24870,2010-05-03,감사의견 의견거절,
776,제로원인터랙티브,69470,2010-05-03,감사의견 의견거절,
775,아구스,78670,2010-05-01,감사의견거절(감사범위제한 및 계속기업 존속 불확실),
774,JS,37110,2010-05-01,감사의견거절(감사범위제한),
773,에버리소스,20070,2010-05-01,감사범위제한 및 계속기업존속능력에 대한 불확실성으로 인한 감사의견거절,
772,CL,35710,2010-05-01,감사범위제한으로 인한 감사의견거절,
771,신세계푸드,31440,2010-04-29,유가증권시장 상장,신세계푸드
770,포네이처,45290,2010-04-23,사업보고서 법정제출기한 익일부터 10일이내 미제출,
769,고제,2540,2010-04-23,감사의견 의견거절,
768,폴켐,33190,2010-04-23,사업보고서 법정제출기한 익일부터 10일이내 미제출,
767,테이크시스템,76090,2010-04-23,감사의견거절(감사범위제한),
766,메리츠종금,12420,2010-04-21,해산 사유 발생,
765,성우몰드,53440,2010-04-21,상장폐지신청('10.3.29),
764,에스피코프,48130,2010-04-20,최종부도 발생,
763,에이스일렉,38690,2010-04-17,감사의견거절(감사범위제한),
762,쌈지,33260,2010-04-17,최종부도 발생,
761,에이치비이에너지,17300,2010-04-15,자본전액잠식,
760,조인에너지,4820,2010-04-15,자본전액잠식,
759,서광건설산업,1600,2010-04-15,자본전액잠식,
758,쓰리디월드,65340,2010-04-15,감사의견거절(감사범위제한),
757,제넥셀,34660,2010-04-15,감사범위제한으로 인한 감사의견 거절,
756,삼성디지털이미징,108070,2010-04-14,해산 사유 발생,
755,대주코레스,8340,2010-04-13,자본전액잠식,
754,일공공일안경,32030,2010-04-13,자본전액잠식,
753,유퍼트,60670,2010-04-13,자본전액잠식,
752,에듀아크,46350,2010-04-13,최근 3사업연도 연속 자기자본 대비 50% 초과 법인세 비용차감전계속사업손실 발생,
751,중앙바이오텍,15170,2010-04-13,자본전액잠식,
750,사이노젠,64060,2010-04-13,자본전액잠식,
749,모젬,79560,2010-04-13,최근 3사업연도 연속 자기자본 대비 50% 초과 법인세 비용차감전계속사업손실 발생,
748,모보,51810,2010-04-13,최근 3사업연도 연속 자기자본 50%초과 법인세비용차감전 계속사업손실 등,
747,유티엑스,45880,2010-04-10,기업의 계속성 및 경영의 투명성 등을 종합적으로 고려하여 상장폐지가 필요하다고 인정,
746,스타맥스,17050,2010-04-05,"기업의 계속성, 경영의 투명성 또는 기타 코스닥시장의 건전성 등을 종합적으로 고려하여 상장폐지가 필요하다고 인정",
745,GK파워,54020,2010-04-03,최종부도,
744,아이알디,84810,2010-04-01,당해 코스닥시장상장법인의 계속성 및 경영의 투명성 등을 종합적으로 고려한 결과 상장폐지기준에 해당한다고 결정,
743,제너비오믹스,17010,2010-03-26,- 주된 영업이 정지되어 코스닥시장상장규정 제38조제2항제1호(삭제 ‘09.12.2)의 상장폐지기준 해당 / 기업의 계속성 및 경영의 투명성 등을 종합적으로 고려한 결과 코스닥시장상장규정 제38조제2항제5호라목(신설 ‘09.12.2)의 상장폐지기준 해당,
742,한국기술산업,8320,2010-03-11,감사의견 의견거절,
741,비전하이테크,15050,2010-03-09,"기업의 계속성, 경영의 투명성 또는 기타 코스닥시장의 건전성 등을 종합적으로 고려하여 상장폐지가 필요하다고 인정",
740,코어비트,56850,2010-03-09,"기업의 계속성, 경영의 투명성 또는 기타 코스닥시장의 건전성 등을 종합적으로 고려하여 상장폐지가 필요하다고 인정",
739,코디콤,41800,2010-03-09,"기업의 계속성, 경영의 투명성 또는 기타 코스닥시장의 건전성 등을 종합적으로 고려하여 상장폐지가 필요하다고 인정",
738,신지소프트,78700,2010-02-27,시가총액 40억원 미달,
737,동산진흥,31960,2010-02-20,"기업의 계속성, 경영의 투명성 또는 기타 코스닥시장의 건전성 등을 종합적으로 고려하여 상장폐지기준에 해당한다고 결정",
736,티이씨,67950,2010-02-20,당해 코스닥시장상장법인의 계속성 및 경영의 투명성 등을 종합적으로 고려한 결과 상장폐지기준에 해당한다고 결정,
735,이롬텍,45400,2010-02-11,"정기보고서 미제출로 관리종목 지정후 법정제출기한내 사업보고서 미제출, 2회 연속 정기주주총회 미개최 또는 재무제표 미승인, 자본전액잠식",
734,글로포스트,37830,2010-02-09,"기업의 계속성, 경영의 투명성 또는 기타 코스닥시장의 건전성 등을 종합적으로 고려하여 상장폐지가 필요하다고 인정",
733,디보스,80140,2010-02-02,자본잠식률 50%이상사유로 관리종목지정후 반기 감사의견 부적정,
732,비엔디,47940,2010-01-29,당해 코스닥시장상장법인의 계속성 및 경영의 투명성 등을 종합적으로 고려한 결과 상장폐지기준에 해당한다고 결정,
731,굿라이프10-MF,37510,2010-01-26,자본시장과금융투자업에관한법률 제202조제1항에 의한 해산사유에 해당하는 경우,
730,제일화재해상보험,610,2010-01-20,해산 사유 발생,
729,동북아9호,83120,2010-01-20,신청에 의한 상장폐지,
728,LG파워콤,45820,2010-01-15,해산 사유 발생,
727,LG데이콤,15940,2010-01-15,해산 사유 발생,
726,케너텍,62730,2009-12-23,회생절차폐지결정사유 및 당해 코스닥시장상장법인의 계속기업 가능성 유무를 고려한 결과 상장폐지기준에 해당한다고 결정,
725,더존디지털,45380,2009-12-09,피흡수합병,
724,모빌탑,85680,2009-11-25,"기업의 계속성, 경영의 투명성 또는 기타 코스닥시장의 건전성 등을 종합적으로 고려하여 상장폐지가 필요하다고 인정",
723,플러스프로핏,36660,2009-11-20,감사범위 제한에 따른 감사의견 거절,
722,프로비타,14420,2009-11-06,주된 영업의 정지에 의한 상장폐지기준 해당,
721,소예,35010,2009-11-03,최근 사업연도의 재무제표에 대한 감사인의 감사의견거절,
720,굿이엠지,51530,2009-11-03,주된 영업의 정지에 의한 상장폐지기준 해당,
719,황금에스티,32560,2009-10-29,유가증권시장 상장,황금에스티
718,거북선1호선박투자,92970,2009-10-16,신청에 의한 상장폐지,
717,남한제지,1950,2009-10-15,자본잠식(자본금의 50/100이상 잠식) 2년 계속,
716,맥쿼리센트럴,76850,2009-10-09,해산 사유 발생,
715,아이드림,66850,2009-10-07,자본잠식률 50%이상으로 관리종목 지정 후 반기 재무제표에 대한 감사의견 거절,
714,제네시스,52640,2009-10-07,"기업의 계속성, 경영의 투명성 또는 기타 코스닥시장의 건전성 등을 종합적으로 고려하여 상장폐지가 필요하다고 인정",
713,에이엠에스,44770,2009-10-07,"자본전액잠식, 2반기 연속 자본잠식률 50%이상, 2반기 연속 자기자본 10억원 미만",
712,씨디네트웍스,73710,2009-09-23,상장폐지신청(2009.08.31),
711,카라반케이디이,32570,2009-09-18,발행한 어음 또는 수표가 주거래은행에 의하여 최종부도로 결정되거나 거래은행에 의한 거래 정지,
710,네오리소스,58550,2009-09-15,자본잠식률 50%이상 및 자기자본 10억원 미만으로 관리종목 지정 후 반기의 재무제표에 대한 감사의견 거절,
709,써니트렌드,35500,2009-09-04,-2회연속 자본잠식률 50%이상 -2회연속 자기자본 10억원미만 -자본잠식률 50%이상 및 자기자본 10억원미만으로 관리종목 지정후 최근 반기 재무제표에 대한 외부감사인의 감사의견 의견거절,
708,뉴젠비아이티,54650,2009-09-04,반기보고서 법정제출기한 익일부터 10일이내 반기검토(감사)보고서 미제출,
707,블루멈,33880,2009-09-04,"- 2회연속 자본잠식률 50% 이상 - 2009.3.31 자본잠식률 50% 이상으로 관리종목 지정 후, 최근 반기의 재무제표에 대한 감사인의 감사의견 거절",
706,MTRON,46320,2009-08-28,2회연속 자본잠식률 50%이상 및 자기자본 10억원 미만,
705,한서제약,44070,2009-08-25,피흡수합병,
704,케이알,35950,2009-08-21,감사범위제한으로 인한 감사의견거절 및 계속기업 불확실성으로 인한 감사의견거절 사유해소 확인서 미제출,
703,FNC코오롱,1370,2009-08-17,해산 사유 발생,
702,케이엠에스,38830,2009-08-08,"기업의 계속성, 경영의 투명성 또는 기타 코스닥시장의 건전성 등을 종합적으로 고려하여 상장폐지가 필요하다고 인정",
701,키움증권,39490,2009-08-03,유가증권시장 상장,키움증권
700,현대오토넷,42100,2009-07-16,해산 사유 발생,
699,LG마이크론,16990,2009-07-16,피흡수합병,
698,휴리프,6210,2009-07-15,자본잠식(자본금의 50/100이상 잠식) 2년 계속,
697,사이버패스,63280,2009-07-08,"기업의 계속성, 경영의 투명성 또는 기타 코스닥시장의 건전성 등을 종합적으로 고려하여 상장폐지가 필요하다고 인정",
696,ST&I,31800,2009-07-01,"기업의 계속성, 경영의 투명성 또는 기타 코스닥시장의 건전성 등을 종합적으로 고려하여 상장폐지가 필요하다고 인정",
695,삼성수산,52560,2009-07-01,"기업의 계속성, 경영의 투명성 또는 기타 코스닥시장의 건전성 등을 종합적으로 고려하여 상장폐지가 필요하다고 인정",
694,하이럭스,79340,2009-06-24,"기업의 계속성, 경영의 투명성 또는 기타 코스닥시장의 건전성 등을 종합적으로 고려하여 상장폐지가 필요하다고 인정",
693,KTF,32390,2009-06-23,해산 사유 발생,
692,헤쎄나,36270,2009-06-17,"기업의 계속성, 경영의 투명성 또는 기타 코스닥시장의 건전성 등을 종합적으로 고려하여 상장폐지가 필요하다고 인정",
691,지디코프,36610,2009-06-17,"기업의 계속성, 경영의 투명성 또는 기타 코스닥시장의 건전성 등을 종합적으로 고려하여 상장폐지가 필요하다고 인정",
690,코아정보,39990,2009-06-10,"기업의 계속성, 경영의 투명성 또는 기타 코스닥시장의 건전성 등을 종합적으로 고려하여 상장폐지가 필요하다고 인정",
689,트리니티,53070,2009-06-03,"기업의 계속성, 경영의 투명성 또는 기타 코스닥시장의 건전성 등을 종합적으로 고려하여 상장폐지가 필요하다고 인정",
688,지이엔에프,38920,2009-05-29,"기업의 계속성, 경영의 투명성 또는 기타 코스닥시장의 건전성 등을 종합적으로 고려하여 상장폐지가 필요하다고 인정",
687,사라콤,40020,2009-05-27,자본전액잠식,
686,야호,59720,2009-05-27,감사의견거절(감사범위제한),
685,자강,36790,2009-05-15,감사의견거절(계속기업 존속 불확실성),
684,블루스톤,33720,2009-05-15,감사의견거절(계속기업으로서의 존속능력에 대한 불확실성),
683,케이엠에이치,9690,2009-05-13,감사의견 의견거절,
682,씨앤우방,13200,2009-05-13,감사의견 의견거절,
681,기린,6070,2009-05-13,감사의견 의견거절,
680,C&중공업,8400,2009-05-13,감사의견 의견거절,
679,씨앤상선,790,2009-05-13,감사의견 의견거절,
678,에스지신성건설,1970,2009-05-13,감사의견 의견거절,
677,포넷,48270,2009-05-04,자본전액잠식,
676,코스모스피엘씨,53170,2009-04-30,자본전액잠식,
675,세신,4230,2009-04-30,감사의견 의견거절,
674,BHK,3990,2009-04-30,감사의견 의견거절,
673,IDH,26230,2009-04-29,감사범위 제한에 따른 감사의견 거절,
672,나노하이텍,71360,2009-04-29,감사의견거절(감사범위제한),
671,IC코퍼레이션,80570,2009-04-29,감사의견거절(감사범위제한),
670,팬텀엔터그룹,25460,2009-04-29,감사범위 제한에 따른 감사의견 거절,
669,쿨투,56020,2009-04-29,감사의견거절(감사범위제한),
668,엑스씨이,81500,2009-04-29,감사의견거절(감사범위제한),
667,케이이엔지,77960,2009-04-29,감사의견거절(감사범위제한),
666,3SOFT,36360,2009-04-29,감사의견거절(감사범위제한),
665,마이크로닉스,1190,2009-04-27,공시서류 미제출(사업보고서) 후 10일이내 미제출,
664,뉴켐진스템셀,36280,2009-04-24,"기업의 계속성, 경영의 투명성 또는 기타 코스닥시장의 건전성 등을 종합적으로 고려하여 상장폐지가 필요하다고 인정",
663,희훈디앤지,19640,2009-04-23,자본전액잠식,
662,트라이콤,38410,2009-04-23,법정제출기한까지 사업보고서를 제출하지 아니한 후 법정제출기한의 다음날부터 10일 이내에 사업보고서 미제출,
661,모빌링크,41310,2009-04-23,자본전액잠식,
660,H1바이오,52310,2009-04-23,3회 연속 자기자본 50%초과 법인세비용차감전계속사업손실,
659,KNS홀딩스,36760,2009-04-23,"감사의견거절(감사범위제한), 법정제출기한까지 사업보고서를 제출하지 아니한 후 법정제출기한의 다음날부터 10일 이내에 사업보고서 미제출",
658,GBS,76170,2009-04-22,감사의견 의견거절,
657,대웅바이오,16890,2009-04-20,피흡수합병,
656,PW제네틱스,65910,2009-04-18,감사의견거절(감사범위제한),
655,유리이에스,7050,2009-04-15,최종부도발생,
654,풀무원식품,103160,2009-04-13,지주회사의 완전자회사화(지주회사 신규상장),
653,미디어코프,53890,2009-04-11,자본전액잠식,
652,디에스피,16040,2009-04-11,자본전액잠식,
651,산양전기,79870,2009-04-11,자본전액잠식,
650,포이보스,38810,2009-04-11,자본전액잠식,
649,이노블루,66200,2009-04-11,"2년연속 매출액 30억원 미달, 자본전액잠식",
648,에프아이투어,47370,2009-04-11,자본전액잠식,
647,우수씨엔에스,60550,2009-04-11,자본전액잠식,
646,케이디세코,73780,2009-04-11,2회 연속 자본잠식률 50%이상,
645,도움,78610,2009-04-11,자본전액잠식,
644,동북아31호,93730,2009-03-13,신청에 의한 상장폐지,
643,위너스인프라인,5760,2009-02-19,감사의견 의견거절,
642,HK저축은행,7640,2009-02-03,상장폐지신청(2009.01.12),
641,아이레보,72430,2009-02-03,상장폐지신청(2009.01.12),
640,아이비진,39060,2008-12-20,최종부도,
639,현대경매부동산일호,83160,2008-12-08,존속기간 만료,
638,NAVER,35420,2008-11-28,유가증권시장 상장,NAVER
637,동북아27호,89170,2008-11-05,신청에 의한 상장폐지,
636,동북아29호,89190,2008-11-05,신청에 의한 상장폐지,
635,동북아30호,89200,2008-11-05,신청에 의한 상장폐지,
634,동북아28호,89180,2008-11-05,신청에 의한 상장폐지,
633,부국철강,26940,2008-10-14,유가증권시장 상장,부국철강
632,국민은행,60000,2008-10-10,지주회사의 완전자회사화(지주회사 신규상장),
631,세라온,50600,2008-09-09,2회연속 자본잠식률 50%이상,
630,굿리치경매2,88510,2008-08-25,해산 사유 발생,
629,베스트플로우,60410,2008-08-25,2연속 자본잠식률 50%이상 및 자기자본 10억원 미만,
628,고려시멘트,3660,2008-08-20,해산 사유 발생,
627,코크렙제3호CR리츠,73530,2008-08-08,해산 사유 발생,
626,유레스메리츠제1호,73470,2008-08-04,해산 사유 발생,
625,디씨씨,34750,2008-07-12,2분기 연속 거래실적부진사유 미해소,
624,한통데이타,45760,2008-06-13,감사의견거절(감사범위제한),
623,한도하이테크,60660,2008-05-03,감사의견거절(감사범위제한),
622,조이토토,44370,2008-05-03,감사의견거절(감사범위제한),
621,두림티앤씨,33330,2008-05-03,감사의견거절(감사범위제한),
620,에너윈,55970,2008-05-03,감사의견거절(감사범위제한),
619,플래닛82,57330,2008-04-23,최근 3사업연도 연속 자기자본 대비 50% 초과 법인세 비용차감전계속사업손실 발생,
618,한텔,41940,2008-04-23,2연속 자본잠식률 50% 이상,
617,청람디지탈,35270,2008-04-23,법정제출기한까지 사업보고서를 제출하지 아니한 후 법정제출기한의 다음날부터 10일 이내에 사업보고서 미제출,
616,에스와이,4530,2008-04-22,감사의견 의견거절,
615,LG유플러스,32640,2008-04-21,유가증권시장 상장,LG유플러스
614,리얼티코리아제1호,72450,2008-04-18,존속기간 만료,
613,UC아이콜스,65810,2008-04-17,"자본전액잠식, 2회연속 자본잠식률 50%이상, 2회연속 자기자본 10억원 미만",
612,모델라인,64720,2008-04-12,"자본전액잠식,최근3사업연도 연속 자기자본 대비 50%초과 법인세차감전계속사업손실",
611,시큐리티KOR,66330,2008-04-12,2연속 자본잠식률 50%이상 및 자기자본 10억원 미만,
610,퓨쳐비젼,42570,2008-04-12,자본전액잠식,
609,엔토리노,32590,2008-04-12,자본전액잠식,
608,오브제,58680,2008-04-10,피흡수합병,
607,아시아나항공,20560,2008-03-28,유가증권시장 상장,아시아나항공
606,우영,12460,2008-03-13,최종부도,
605,LG석유화학,12990,2007-11-15,해산 사유 발생,
604,유나이티드,33270,2007-10-23,유가증권시장 상장,유나이티드
603,신한카드,32710,2007-10-10,지주회사의 완전자회사화(지주회사 신규상장),
602,AP우주통신,15670,2007-09-12,감사의견 의견거절,
601,씨엔씨엔터,38420,2007-08-29,2회연속 자본잠식률 50% 이상 및 자기자본 10억원 미만,
600,카스코,5330,2007-06-20,해산 사유 발생,
599,코오롱유화,11020,2007-06-15,해산 사유 발생,
598,동부일렉트로닉스,1830,2007-05-21,해산 사유 발생,
597,코크렙1호부동산투자,67910,2007-05-10,해산 사유 발생,
596,이레전자산업,45310,2007-05-08,자본전액잠식,
595,팬택앤큐리텔,63350,2007-04-25,자본전액잠식,
594,한국합섬,25830,2007-04-25,감사의견 부적정,
593,삼보컴퓨터,14900,2007-04-25,자본전액잠식,
592,팬택자산관리,25930,2007-04-25,자본전액잠식,
591,제이엠피,54790,2007-04-24,감사의견거절,
590,엠텍반도체,54440,2007-04-13,자본전액잠식,
589,예일바이오텍,54250,2007-04-11,"감사의견거절, 자본전액잠식, 2년 연속 자본잠식률 50% 이상",
588,시큐어소프트,37060,2007-04-04,재감사보고서상 감사의견거절,
587,굿리치경매1,85450,2007-01-26,해산 사유 발생,
586,교보메리츠,64900,2006-12-28,존속기간 만료,
585,동신제약,6600,2006-11-22,해산 사유 발생,
584,한일약품공업,3040,2006-11-21,해산 사유 발생,
583,코스맥스비티아이,44820,2006-11-13,유가증권시장 상장,코스맥스비티아이
582,하나IB,3330,2006-10-26,지주회사의 완전자회사화(지주회사 신규상장),
581,VK,48760,2006-07-22,최종부도,
580,코오롱인터내셔널,63510,2006-07-21,해산 사유 발생,
579,씨크롭,16970,2006-07-13,감사의견 의견거절,
578,엘케이엔씨,47420,2006-07-13,감사의견 범위제한 의견거절,
577,우진플라임,49800,2006-05-24,유가증권시장 상장,우진플라임
576,신세계I&C,35510,2006-05-18,유가증권시장 상장,신세계I&C
575,대한바이오링크,41500,2006-04-25,2사업연도 연속 매출액 30억원 미달(상장폐지사유일 : 2006년 04월 10일),
574,휘튼,66480,2006-04-25,감사의견거절(상장폐지사유발생일 : 2006년 4월 10일),
573,CJ엔터테인,49370,2006-04-20,피흡수합병,
572,에스피컴텍,39110,2006-04-15,2사업연도 연속 매출액 30억원 미달(상장폐지사유 발생일 : 2006년 03월 31일),
571,세니콘,56060,2006-04-08,감사범위제한으로 인한 의견거절(상장폐지사유 발생일 : 2006년 03월 27일),
570,유진종합개발,23420,2005-12-31,피흡수합병,
569,인터피온반도체,14010,2005-12-28,감사의견 의견거절,
568,한국파트너스,19560,2005-12-24,상장폐지신청(2005.12.21),
567,하나은행,2860,2005-12-12,지주회사의 완전자회사화(지주회사 신규상장),
566,피케이엘,39870,2005-11-09,상장폐지신청(2005.10.14),
565,아이티센네트웍스,57110,2005-10-22,"최근사업연도말 현재 자본잠식률 100분의50이상의 사유로 관리종목지정된 후, 최근 반기말기준으로 감사의견거절 및 반기말 자본잠식률이 100분의 50 이상",
564,알루코,21570,2005-10-13,최종부도(상장폐지사유 발생일 : 2005년 09월 27일),
563,코크렙II,70540,2005-09-15,해산 사유 발생,
562,이지클럽,38980,2005-09-10,최근사업연도말 기준 자본잠식률 100분의 50이상의 사유로 관리종목지정 후 법정제출기한 다음날로부터 10일이내 반기보고서 미제출,
561,파워넷,37030,2005-08-31,최근사업연도말 현재 자본잠식률 100분의50이상의 사유로 관리종목지정 후 최근 반기말 현재 자본잠식률이 100분의 50이상,파워넷
560,퍼시픽글라스,9080,2005-08-17,해산 사유 발생,
559,케이티씨텔레콤,55810,2005-08-13,최종부도(상장폐지사유 발생일 : 2005년 07월 29일),
558,신광기업,1580,2005-08-05,감사의견 의견거절,
557,극동전선,6250,2005-07-18,보통주 거래량요건 미충족(월평균거래량 1/100미만) 2분기 계속,
556,산은캐피탈,8270,2005-06-16,신청에 의한 상장폐지,
555,미래코리아1,42950,2005-06-04,존립기간의 만료,
554,아이텍스필,8030,2005-06-02,최종부도(상장폐지사유 발생일 : 2005년 05월 02일),
553,이수세라믹,32180,2005-05-25,상장폐지신청(2005.04.28),
552,지누스,13890,2005-05-18,자본전액잠식,지누스
551,삼호개발,10960,2005-05-12,유가증권시장 상장,삼호개발
550,현주컴퓨터,38960,2005-05-11,최종부도(상장폐지사유 발생일 : 2005년 04월 25일),
549,범양사,2480,2005-05-04,주식분산기준 미달 2년 연속,
548,남성알미늄,33220,2005-05-04,주식분산기준 미달 2년 연속,
547,KEPS,46810,2005-04-30,경상손실 및 시가총액 50억원 미달 2회 연속(상장폐지사유 발생일 : 2005년 4월 15일),
546,보진재,30950,2005-04-30,경상손실 및 시가총액 50억원 미달 2회 연속(상장폐지사유 발생일 : 2005년 4월 15일),
545,대아리드선,9940,2005-04-28,자본전액잠식,
544,모토조이,8120,2005-04-28,자본전액잠식,
543,경남모직,1670,2005-04-28,회사정리절차 법인의 상장적격성 불인정,
542,솔빛미디어,44440,2005-04-26,감사의견거절(상장폐지사유 발생일 : 2005년 04월 11일),
541,후야인포넷,32050,2005-04-26,자본전액잠식(상장폐지사유 발생일 : 2005년 04월 11일),
540,택산아이엔씨,36900,2005-04-23,감사의견거절,
539,스탠다드차타드은행,110,2005-04-22,신청에 의한 상장폐지,
538,맥슨텔레콤,9890,2005-04-21,자본전액잠식,
537,BET,36820,2005-04-21,감사범위제한 한정(상장폐지사유 발생일 : 2005년 03월 21일),
536,에스오케이,32610,2005-04-21,감사의견거절(상장폐지사유 발생일 : 2005년 04월 06일),
535,하우리,49130,2005-04-20,감사의견거절(상장폐지사유 발생일 : 2005년 03월 21일),
534,한국컴퓨터지주,9760,2005-04-19,보통주 주식분포요건 미충족(일반주주 주식수 10/100미만) 2년 계속,
533,케이엔티,36590,2005-04-16,자본전액잠식(상장폐지사유발생일 : 2005년 03월 31일),
532,셰프라인,12250,2005-04-15,감사의견 의견거절,
531,베네데스하이텍,9360,2005-04-15,감사의견 의견거절,
530,센추리,6750,2005-04-14,감사의견 의견거절,
529,창민테크,42960,2005-04-13,감사의견거절(상장폐지사유 발생일 : 2005년 03월 28일),
528,업필,54370,2005-04-12,감사의견거절(상장폐지사유 발생일 : 2005년 03월 26일),
527,넥스텔,37220,2005-04-09,최종부도(상장폐지사유 발생일 : 2005년 03월 24일),
526,한메NS,6150,2005-04-08,회사정리절차 개시 신청,
525,아이엠아이티,38100,2005-04-08,감사의견거절(상장폐지사유 발생일 : 2005년 03월 23일),
524,텔슨정보통신,18180,2005-04-07,감사의견거절(상장폐지사유 발생일 : 2005년 03월 22일),
523,슈마,56500,2005-04-05,감사의견거절(상장폐지사유 발생일 : 2005년 03월 22일),
522,성진산업,37650,2005-04-05,감사의견거절(상장폐지사유 발생일 : 2005년 03월 21일),
521,한아시스템,36020,2005-04-02,감사의견 부적정(상장폐지사유 발생일 : 2005년 03월 21일),
520,엔에스아이,53250,2005-04-02,감사의견거절(상장폐지사유 발생일 : 2005년 03월 19일),
519,지니웍스,36600,2005-04-02,감사의견거절(상장폐지사유 발생일 : 2005년 03월 18일),
518,맥시스템,36880,2005-03-31,감사의견거절(상장폐지사유 발생일 : 2005년 03월 16일),
517,신동방CP,4660,2005-03-30,신청에 의한 상장폐지,
516,우주통신,54080,2005-03-30,감사의견거절(상장폐지사유 발생일 : 2005년 03월 15일,
515,동방라이텍,25690,2005-03-12,감사의견거절(상장폐지사유 발생일 : 2005년 02월 24일),
514,세원화성,7910,2005-02-24,신청에 의한 상장폐지,
513,굿라이프5-MF,37500,2005-02-24,간접투자자산운용업법 제110조(구 증권투자회사법 제64조)에 의한 해산사유발생,
512,지에스엔텍,37640,2005-01-24,최종부도(등록취소사유발생일 : 2005년 1월 7일),
511,현대멀티캡,35910,2005-01-19,최종부도(등록취소사유발생일: 2005년 1월 4일),
510,그로웰전자,9220,2005-01-19,액면가액일정비율미만(취소사유발생일 : 2005년 01월 04일),
509,그로웰텔레콤,35780,2005-01-11,액면가액일정비율미만(취소사유발생일 : 2004년 12월 24일),
508,중앙제지,5600,2005-01-06,최종부도발생,
507,신한투자증권,8670,2005-01-05,지주회사의 완전자회사화(지주회사 신규상장),
506,부산저축은행,7830,2004-12-31,자진등록취소,
505,넥상스코리아,3050,2004-12-22,신청에 의한 상장폐지,
504,세아메탈,33020,2004-12-20,자진등록취소,
503,옥션,43790,2004-12-06,자진등록취소,
502,대백저축은행,26970,2004-11-05,액면가액일정비율미만(취소사유발생일 : 2004년 10월 21일),
501,상신브레이크,41650,2004-10-27,증권거래소 상장,상신브레이크
500,영창악기제조,1890,2004-10-26,최종부도발생,
499,천지산업,1490,2004-10-22,자본전액잠식,
498,대아건설,380,2004-10-21,피흡수합병(합병기일 : '04.9.22),
497,한신코퍼,37120,2004-10-21,감사의견 거절(취소사유발생일 : 2004년 9월 30일),
496,극동제혁,10200,2004-10-18,해산 사유 발생,
495,테크메이트,43690,2004-10-16,최종부도(취소사유발생일: 2004년 10월 1일),
494,한마음저축은행,25450,2004-10-07,감사의견부적정(취소사유발생일 : 2004년 9월 17일),
493,한강기금,36060,2004-10-01,존속기간 만료,
492,인팩,23810,2004-09-21,한국증권거래소 상장,인팩
491,일화모직공업,1590,2004-09-02,보통주 시가총액미달,
490,하이콤,48540,2004-08-18,액면가액일정비율미만(취소사유발생일 : 2004년 8월 3일),
489,덴소풍성,47060,2004-08-14,거래실적부진(취소사유발생일 : 2004년 7월 30일),
488,모디아,46000,2004-08-11,감사의견부적정(취소사유발생일 : 2004년 3월 27일),
487,텔슨전자,27350,2004-08-10,최종부도(취소사유발생일: 2004년 7월 26일),
486,금강화섬,10730,2004-07-22,최종부도발생,
485,광덕물산,3590,2004-07-21,감사의견 부적정,
484,동아정기,12760,2004-07-16,최종부도발생,
483,한국씨티은행,16830,2004-07-13,신청에 의한 상장폐지,
482,신한은행,10,2004-07-02,지주회사의 완전자회사화(지주회사 신규상장),
481,부흥,3930,2004-06-29,감사의견 의견거절,
480,우리증권,1280,2004-06-24,지주회사의 완전자회사화(지주회사 신규상장),
479,대백쇼핑,27700,2004-06-18,액면가액일정비율(30%)미달로 인한 관리종목지정후 90일(매매일기준)간의 기간이 경과하는 동안에 종가가 동 비율이상인 일수가 30일이상일 것을 충족하지 아니함 (취소사유발생일 : 2004년 6월 3일),
478,호성,35870,2004-06-12,최종부도(취소사유발생일 : 2004년 5월 28일),
477,세원텔레콤,36910,2004-06-01,회사정리절차 개시신청 (취소사유발생일 : 2004년 5월 3일),
476,남양,3020,2004-05-28,보통주 시가총액미달,
475,대호,1980,2004-05-22,최종부도발생,
474,대흥멀티통신,37250,2004-05-11,최종부도(취소사유발생일 : 2004년 4월 23일),
473,두산건설,2950,2004-05-10,해산 사유 발생,
472,삼도물산,2930,2004-05-08,감사의견 의견거절,
471,모닷텔,48150,2004-04-29,최종부도(취소사유발생일 : 2004년 4월 13일),
470,KTF,32390,2004-04-29,증권거래소 상장,
469,디와이홀딩스,4510,2004-04-28,영업활동정지 6월 계속,
468,이마트에브리데이,10090,2004-04-24,자본전액잠식,
467,한국코아,10150,2004-04-23,감사의견 의견거절,
466,영풍산업,2850,2004-04-23,감사의견 의견거절,
465,3R,37730,2004-04-22,자본전액잠식(취소사유발생일 : 2004년 4월 6일),
464,트래픽아이티에스,38050,2004-04-22,감사의견거절(취소사유발생일 : 2004년 3월 30일),
463,코리아이앤디,27440,2004-04-14,감사의견거절(취소사유발생일 : 2004년 3월 29일),
462,써미트,39000,2004-04-13,감사의견거절(취소사유발생일 : '04.3.26),
461,엔써,37750,2004-04-13,감사의견거절(취소사유발생일 : '04.3.29),
460,윌텍정보통신,39390,2004-04-09,감사의견거절(취소사유발생일 : 2004년 3월 24일),
459,월드텔레콤,47610,2004-04-08,감사의견거절(취소사유발생일 : 2004년 3월 23일),
458,한빛네트,36720,2004-04-08,감사의견거절(취소사유발생일 : 2004년 3월 23일),
457,넷컴스토리지,37010,2004-04-08,감사의견거절(취소사유발생일 : 2004년 3월 23일),
456,엠바이엔,31970,2004-04-07,감사의견거절(취소사유발생일:2004년 3월 22일),
455,바이오시스,35960,2004-04-07,감사의견거절(취소사유발생일:2004년 3월 22일),
454,피코소프트,39580,2004-04-07,감사의견거절(취소사유발생일:2004년 3월 22일),
453,신한에스아이티,54530,2004-04-03,감사의견거절(취소사유발생일 : 2004년 3월 20일),
452,디이시스,53200,2004-04-03,감사의견거절(취소사유발생일 : 2004년 3월 22일),
451,엔플렉스,40130,2004-04-03,감사의견거절(취소사유발생일 : 2004년 3월 20일),
450,동서정보기술,55000,2004-04-03,감사의견거절(취소사유발생일 : 2004년 3월 19일),
449,스마텔,4190,2004-03-31,감사의견 의견거절,
448,삼화기연,33210,2004-03-31,감사의견거절(취소사유발생일 : 2004년 3월 15일),
447,리더컴,56140,2004-03-30,감사의견거절(취소사유발생일 : 2004년 3월 15일),
446,씨모스,37600,2004-03-24,감사의견거절(취소사유발생일:2004년 3월 9일),
445,외환신용카드,38400,2004-03-16,해산 사유 발생,
444,해태유업,3900,2004-03-11,감사의견 의견거절,
443,미래셀렉티브-MF,52540,2004-03-08,증권투자회사법 제64조에 의한 해산사유 발생,
442,기라정보통신,19930,2004-02-12,화의절차 개시 신청 각하,
441,한일,22610,2004-02-07,자진등록취소,
440,KNC,18590,2004-01-24,최종부도발생,
439,미래에셋오리엔탈혼합,67700,2004-01-05,증권투자회사법 제64조에 의한 해산사유 발생,
438,범양식품,8750,2003-12-27,보통주 시가총액 미달(25억미만 30일 계속) 후 60일간 25억미만 연속10일 이상,
437,기업은행,24110,2003-12-24,증권거래소 상장,기업은행
436,케미그라스,21090,2003-12-20,자진등록취소,
435,스타리스,18020,2003-11-18,보통주 주가수준 미달(액면가 20/100미만 30일 계속) 후 60일간 20/100미만 연속 10일 이상,
434,i 인프라,8780,2003-11-08,액면가액일정비율 미달,
433,일진,10510,2003-11-05,해산 사유 발생,
432,애드모바일,32600,2003-10-30,자본전액잠식(2년),
431,동신,12270,2003-10-23,보통주 주가수준 미달(액면가 20/100미만 30일 계속) 후 60일간 20/100미만 연속 10일 이상,
430,화림모드,45920,2003-10-17,최종부도 및 은행거래정지 (취소사유발생일: '03.10.1),
429,극동건설,980,2003-10-15,신청에 의한 상장폐지,
428,으뜸저축은행,32150,2003-10-15,2사업년도 연속 자본잠식률 50% 이상(취소사유 발생일 : '03.9.29),
427,국민카드,31150,2003-10-10,피흡수 합병 (합병기일 : '03.9.30),
426,이수페타시스,7660,2003-10-07,증권거래소 상장,이수페타시스
425,엘아이지건설(주),12720,2003-10-02,보통주 주가수준 미달(액면가 20/100미만 30일 계속) 후 60일간 20/100미만 연속 10일 이상,
424,서통,1150,2003-10-02,최종부도발생,
423,휴닉스,9790,2003-10-02,보통주 주가수준 미달(액면가 20/100미만 30일 계속) 후 60일간 20/100미만 연속 10일 이상,
422,한일합섬,3980,2003-09-24,보통주 주가수준 미달(액면가 20/100미만 30일 계속) 후 60일간 20/100미만 연속 10일 이상,
421,드림라인,35430,2003-09-19,액면가액일정비율미달,
420,강원랜드,35250,2003-09-04,증권거래소 상장,강원랜드
419,동원증권,5890,2003-07-21,지주회사의 완전자회사화(지주회사 신규상장),
418,타임,46930,2003-07-04,피흡수합병 (합병기일: '03.7.1),
417,SBS,34120,2003-06-25,증권거래소 상장,SBS
416,다산씨앤아이,37200,2003-06-19,최종부도 및 은행거래정지 (취소사유발생일: 2003년 6월 3일),
415,마이다스페안,45280,2003-06-11,증권투자회사법 제64조에 의한 해산사유 발생,
414,파이오니어2-MF,45070,2003-05-23,증권투자회사법 제64조에 의한 해산사유 발생,
413,유리프론티어-MF,45550,2003-05-23,증권투자회사법 제64조에 의한 해산사유 발생,
412,엔씨소프트,36570,2003-05-22,증권거래소 상장,엔씨소프트
411,계몽사,11840,2003-05-16,최종부도발생,
410,경향건설,2050,2003-05-10,감사의견 의견거절,
409,마이차익3호-MF,67410,2003-05-08,증권투자회사법 제64조에 의한 해산사유 발생,
408,이론테크,34980,2003-04-30,최종부도 및 은행거래정지 (취소사유발생일 : 2003년 4월 15일),
407,테라,32780,2003-04-25,사업보고서 미제출 (취소사유발생일 : 2003년 4월 10일),
406,JS전선,5560,2003-04-24,자본전액잠식 2년 계속,
405,벨로체피아노,40750,2003-04-24,감사의견 거절(취소사유발생일: '03.4.9),
404,경남은행,6610,2003-04-16,보통주 주식분포요건 미충족 2년 계속,
403,코리아링크,37410,2003-04-16,감사의견거절 및 최종부도 (취소사유발생일 : 2003년 4월 1일),
402,갑을,9840,2003-04-16,감사의견 의견거절,
401,라미화장품,10330,2003-04-16,자본전액잠식 2년 계속,
400,광주은행,5770,2003-04-16,보통주 주식분포요건 미충족 2년 계속,
399,어플라이드,53960,2003-04-15,감사의견거절(취소사유발생일: 2003년 4월 1일),
398,올에버,34970,2003-04-15,감사의견거절(취소사유발생일 : 2003년 3월 31일),
397,리타워텍,20860,2003-04-11,감사의견거절(취소사유발생일 : 2003년 3월 27일),
396,KTB벤처2-MF,39370,2003-04-05,증권투자회사법 제64조의 규정에 의한 해산사유의 발생,
395,스탠더드텔레,27890,2003-04-05,감사의견부적정(취소사유발생일:2003년 3월 21일),
394,뉴씨앤씨,45240,2003-04-04,감사의견거절(취소사유발생일:2003년 3월 20일),
393,태영텔스타,60840,2003-04-02,감사의견거절 (취소사유발생일 : 2003년 3월 18일),
392,시스컴,37280,2003-03-29,최종부도 및 은행거래정지 (취소사유발생일 : 2003년 3월 14일),
391,LGEI,2610,2003-03-11,해산 사유 발생,
390,화인썬트로닉스,38520,2003-03-07,최종부도 및 은행거래정지 (취소사유발생일: 2003.2.20),
389,태경케미컬,6890,2003-01-28,한국증권거래소 상장,태경케미컬
388,유리크레디트회사채혼,51990,2003-01-21,증권투자회사법 제64조의 규정에 의한 해산사유의 발생,
387,하이트진로,80,2003-01-10,감사의견 의견거절,하이트진로
386,KTB벤처1-MF,38370,2003-01-10,증권투자회사법 제64조의 규정에 의한 해산사유의 발생,
385,벤처코스닥,38280,2003-01-10,증권투자회사법 제64조의 규정에 의한 해산사유의 발생,
384,주은리스,30970,2002-12-21,액면가액일정비율 미달로 연속하여 10일간 지속,
383,하나은행_피흡수,7360,2002-12-13,해산 사유 발생,
382,TKG애강,22220,2002-12-05,최종부도 및 은행거래정지,TKG애강
381,GPS,14040,2002-11-29,회사정리절차 폐지 결정,
380,소프트윈,49790,2002-11-28,최종부도 및 은행거래정지,
379,글로벌파워,64910,2002-11-27,증권투자회사법 제64조의 규정에 의한 해산사유의 발생,
378,세림아이텍,33040,2002-11-26,"신고,공시의무를 위반하여 투자유의종목으로 지정된 후 1년이내에 불성실공시법인으로 지정 및 최근 2년간 3회 이상 불성실공시법인으로 지정",
377,심스밸리,42470,2002-11-16,최종부도 및 은행거래정지,
376,코닉스,17210,2002-11-14,최종부도 및 은행거래정지,
375,마니커,27740,2002-10-29,한국증권거래소 상장,마니커
374,세화기술투자,21740,2002-10-24,피흡수합병,
373,삼애인더스,9330,2002-10-22,감사의견 의견거절,
372,SNT홀딩스,36530,2002-10-22,한국증권거래소 상장,SNT홀딩스
371,유니씨앤티,40780,2002-10-18,최종부도 및 은행거래정지,
370,카리스소프트,24080,2002-10-17,최근 2년간 3회이상 불성실공시법인으로 지정,
369,아이씨켐,20490,2002-10-11,최종부도 및 은행거래정지,
368,대양상호신용금고,13250,2002-10-04,해산 사유 발생,
367,세종공업,33530,2002-09-25,한국증권거래소 상장,세종공업
366,마이다스차익거래안정,60580,2002-09-14,증권투자회사법 제64조의 규정에 의한 해산사유 발생,
365,미래에셋프리미어혼합,63680,2002-08-19,증권투자회사법 제64조의 규정에 의한 해산사유 발생,
364,리젠트화재보험,1030,2002-08-10,감사의견 의견거절,
363,옵셔널벤처스,22780,2002-07-31,감사범위 제한으로 인한 한정의견,
362,경남리스,21930,2002-07-19,피흡수합병,
361,교보증권,30610,2002-07-18,증권거래소 상장,교보증권
360,디지텔,37740,2002-07-08,최종부도 및 은행거래정지,
359,유리세이프롱숏채권혼,58910,2002-07-03,증권투자회사법 64조에 의한 해산사유 발생,
358,신세계건설,34300,2002-06-17,증권거래소 상장,신세계건설
357,한빛전자통신,44570,2002-06-07,감사의견거절 및 법정제출기한 익일로부터 30일이내에 사업보고서 미제출,
356,우신시스템,17370,2002-05-28,증권거래소 상장,우신시스템
355,선진금속,18570,2002-05-21,자본전액잠식 2년 계속,
354,미래에셋P.B.2호펀드,66030,2002-05-21,증권투자회사법 64조에 의한 해산사유 발생,
353,파이오니어,35030,2002-05-18,증권투자회사법 64조에 의한 해산사유 발생,
352,케이디엠,27560,2002-05-03,기타 등록취소,
351,서광,3260,2002-04-30,자본전액잠식 2년 계속,
350,환영철강공업,12670,2002-04-27,자본전액잠식 2년 계속,
349,우리은행,30,2002-04-27,신청에 의한 상장폐지,
348,이트로닉스,13090,2002-04-27,감사의견 의견거절,
347,메디슨,18360,2002-04-27,감사의견 의견거절,
346,대농,1110,2002-04-27,자본전액잠식 2년 계속,
345,동국무역,4420,2002-04-27,자본전액잠식 2년 계속,
344,대선주조,4110,2002-04-27,자본전액잠식 2년 계속,
343,알루코,1780,2002-04-27,감사의견 의견거절,알루코
342,아이넥스,8440,2002-04-23,감사의견 의견거절,
341,세이에이스혼합형펀드,52520,2002-04-23,증권투자회사법 64조에 의한 해산사유 발생,
340,마이다스차익거래혼합,53530,2002-04-23,증권투자회사법 64조에 의한 해산사유 발생,
339,SK인천정유,6290,2002-04-23,감사의견 의견거절,
338,삼미,2580,2002-04-20,감사의견 부적정,
337,휴먼이노텍,13630,2002-04-20,기타 등록취소,
336,청구,11510,2002-04-20,감사의견 의견거절,
335,동성,2470,2002-04-20,감사의견 부적정,
334,대일화학공업,3110,2002-04-19,감사의견 의견거절,
333,대우통신,5060,2002-04-19,감사의견 의견거절,
332,포스닉,8480,2002-04-19,감사의견 의견거절,
331,한보철강공업,1920,2002-04-19,감사의견 의견거절,
330,한별텔레콤,16550,2002-04-19,감사의견 의견거절,
329,삼한콘트롤스,33070,2002-04-18,최종부도 또는 당좌거래정지(1년),
328,대우전자,7410,2002-04-13,감사의견 의견거절,
327,오리온전기,4390,2002-04-13,감사의견 부적정,
326,고합,4460,2002-04-12,감사의견 부적정,
325,한국콜마홀딩스,24720,2002-04-09,증권거래소 상장,한국콜마홀딩스
324,이지닷컴,12260,2002-04-03,감사의견 의견거절,
323,삼익건설,2180,2002-03-29,감사의견 의견거절,
322,유리세이프전환혼합형,52530,2002-03-28,증권투자회사법 64조에 의한 해산사유 발생,
321,마인,39500,2002-03-15,피흡수합병,
320,일은증권,8530,2002-02-20,해산 사유 발생,
319,레이디,25840,2002-01-23,감사의견 의견거절 2년 계속,
318,다임알짜2호-MF,51960,2002-01-23,증권투자회사법 64조에 의한 해산사유 발생,
317,동방화공,4290,2002-01-18,해산 사유 발생,
316,두산테크팩,1690,2002-01-18,해산 사유 발생,
315,KH 필룩스,33180,2001-12-26,증권거래소 상장,KH 필룩스
314,동양현대종금,8980,2001-12-20,해산 사유 발생,
313,피어리스,2130,2001-12-05,최종부도발생,
312,송원칼라,11450,2001-12-05,신청에 의한 상장폐지,
311,다산,15150,2001-11-21,기타 등록취소,
310,세이플러스혼합형펀드,51070,2001-11-19,증권투자회사법 64조에 의한 해산사유 발생,
309,하이콘테그,310,2001-11-10,영업활동정지 6월 계속,
308,국민은행_(합병전),23130,2001-11-09,해산 사유 발생,
307,한국주택은행,27460,2001-11-09,해산 사유 발생,
306,다임알짜1호-MF,50350,2001-10-30,증권투자회사법 64조에 의한 해산사유 발생,
305,크린4호,49850,2001-10-16,증권투자회사법 64조에 의한 해산사유 발생,
304,해동금고,7420,2001-10-13,해산 사유 발생,
303,태화쇼핑,15880,2001-09-22,회사정리절차 폐지 결정,
302,신한캐피탈,23780,2001-09-13,기타 등록취소,
301,세이플러스,49990,2001-09-11,증권투자회사법 64조에 의한 해산사유 발생,
300,신한은행(조흥),15580,2001-09-10,해산 사유 발생,
299,신한증권,3320,2001-09-10,해산 사유 발생,
298,하나에프앤아이,25080,2001-08-24,자본전액잠식(2년),
297,마이다스차익,48660,2001-08-14,증권투자회사법 64조에 의한 해산사유 발생,
296,코웨이,21240,2001-08-07,증권거래소 상장,코웨이
295,에스이아이채,35930,2001-08-07,증권투자회사법 64조에 의한 해산사유 발생,
294,동아금고,30710,2001-07-28,해산 사유 발생,
293,리젠트종금,15650,2001-07-16,해산 사유 발생,
292,바로크,17120,2001-07-10,화의 불인가,
291,미래주식1,47890,2001-07-10,증권투자회사법 64조에 의한 해산사유 발생,
290,우리신용카드,22870,2001-07-07,거래실적부진,
289,미래한아름2,46820,2001-07-03,증권투자회사법 64조에 의한 해산사유 발생,
288,KTB더블채권1-MF,45800,2001-06-19,증권투자회사법 64조에 의한 해산사유 발생,
287,플래티넘성2-MF,44740,2001-06-19,증권투자회사법 64조에 의한 해산사유 발생,
286,크린3호,45870,2001-06-19,기타 등록취소,
285,세이채권혼합,45790,2001-06-19,증권투자회사법 64조에 의한 해산사유 발생,
284,유리뉴앙상블,46520,2001-06-19,증권투자회사법 64조에 의한 해산사유 발생,
283,실크성장삼호,45860,2001-06-12,증권투자회사법 64조에 의한 해산사유 발생,
282,동아건설,280,2001-06-07,회사정리절차 폐지 결정,
281,미래한아름1-MF,44890,2001-06-05,증권투자회사법 64조에 의한 해산사유 발생,
280,그린에셋일호,45080,2001-05-29,증권투자회사법 64조에 의한 해산사유 발생,
279,풍연,17090,2001-05-25,자본전액잠식(2년),
278,보성인터,33300,2001-05-25,자본전액잠식(2년),
277,대우,3810,2001-05-23,자본잠식(자본금의 50/100이상 잠식) 2년 계속,
276,대우중공업,200,2001-05-23,자본전액잠식 2년 계속,
275,한통엠닷컴,30700,2001-05-21,피흡수합병,
274,동양화학공업,2740,2001-05-18,해산 사유 발생,
273,다임채권형일,44750,2001-05-08,증권투자회사법 64조에 의한 해산사유 발생,
272,KTB전환32,44400,2001-05-08,증권투자회사법 64조에 의한 해산사유 발생,
271,세이우량채권,44240,2001-05-08,증권투자회사법 64조에 의한 해산사유 발생,
270,미래알바1,44410,2001-05-02,증권투자회사법 64조에 의한 해산사유 발생,
269,태일정밀,17320,2001-04-26,공시서류 미제출(반기보고서) 후 차기보고서 미제출,
268,뉴맥스,14080,2001-04-26,공시서류 미제출(분기보고서) 후 차기보고서 미제출,
267,동산씨앤지,1400,2001-04-24,회사정리절차 폐지 결정,
266,플래티넘성1,43380,2001-04-24,증권투자회사법 64조에 의한 해산사유 발생,
265,실크성장2호,43400,2001-04-24,증권투자회사법 64조에 의한 해산사유 발생,
264,리젠트코스,43350,2001-04-24,증권투자회사법 64조에 의한 해산사유 발생,
263,현대울산종금,15620,2001-04-23,해산 사유 발생,
262,KTB코스닥1,42310,2001-04-03,증권투자회사법 64조에 의한 해산사유 발생,
261,마이다스30,43040,2001-04-03,증권투자회사법 64조에 의한 해산사유 발생,
260,KTB드림1,42300,2001-04-03,증권투자회사법 64조에 의한 해산사유 발생,
259,바이킹성장일,43700,2001-04-03,증권투자회사법 64조에 의한 해산사유 발생,
258,옵티멈성장1,45090,2001-04-03,증권투자회사법 64조에 의한 해산사유 발생,
257,실크성장1호,42460,2001-04-03,증권투자회사법 64조에 의한 해산사유 발생,
256,대한알루미늄공업,9050,2001-03-30,신청에 의한 상장폐지,
255,갑을방적,11290,2001-03-20,해산 사유 발생,
254,코스파이더,34190,2001-03-14,해산 사유 발생,
253,마이다스코코,40860,2001-03-13,증권투자회사법 64조에 의한 해산사유 발생,
252,미래하이4,40950,2001-03-13,증권투자회사법 64조에 의한 해산사유 발생,
251,미래아이티3,40940,2001-03-13,증권투자회사법 64조에 의한 해산사유 발생,
250,마이다스페셜,39540,2001-03-06,기타 등록취소,
249,미래아이티2,40260,2001-02-27,증권투자회사법 64조에 의한 해산사유 발생,
248,미래하이3,40270,2001-02-27,증권투자회사법 64조에 의한 해산사유 발생,
247,한가족주식,40380,2001-02-27,증권투자회사법 64조에 의한 해산사유 발생,
246,미래하이2호,39210,2001-02-20,증권투자회사법 64조에 의한 해산사유 발생,
245,미래아이티1,39220,2001-02-20,증권투자회사법 64조에 의한 해산사유 발생,
244,영남종금,24960,2001-02-10,해산 사유 발생,
243,한스종금,12710,2001-02-10,해산 사유 발생,
242,한국종금,11260,2001-02-10,해산 사유 발생,
241,중앙종금,8990,2001-02-10,해산 사유 발생,
240,한양,8690,2001-02-07,회사정리절차 폐지 결정,
239,옵티멈전환2,39380,2001-02-06,증권투자회사법 64조에 의한 해산사유 발생,
238,CJ프론티어,39720,2001-02-06,증권투자회사법 64조에 의한 해산사유 발생,
237,플래티넘이천,39520,2001-02-06,증권투자회사법 64조에 의한 해산사유 발생,
236,마이다스테3,40520,2001-02-06,증권투자회사법 64조에 의한 해산사유 발생,
235,박현주7성장,38940,2001-02-06,증권투자회사법 64조에 의한 해산사유 발생,
234,KTB전환형41,38760,2001-02-06,증권투자회사법 64조에 의한 해산사유 발생,
233,미래하이1호,38580,2001-02-06,증권투자회사법 64조에 의한 해산사유 발생,
232,월드그랜드2,39160,2001-01-30,증권투자회사법 64조에 의한 해산사유 발생,
231,마이다스하전,39920,2001-01-30,증권투자회사법 64조에 의한 해산사유 발생,
230,유리앙상블,39280,2001-01-30,증권투자회사법 64조에 의한 해산사유 발생,
229,동원장보고2,39180,2001-01-30,증권투자회사법 64조에 의한 해산사유 발생,
228,징기스칸1호,39170,2001-01-26,증권투자회사법 64조에 의한 해산사유 발생,
227,우성건설,8640,2001-01-20,회사정리절차 폐지 결정,
226,금호케미칼,14740,2001-01-16,해산 사유 발생,
225,박현주6호,38480,2001-01-16,증권투자회사법 64조에 의한 해산사유 발생,
224,리젠트빅히트,39270,2001-01-16,증권투자회사법 64조에 의한 해산사유 발생,
223,글로벌하이1,38770,2001-01-09,증권투자회사법 64조에 의한 해산사유 발생,
222,KTB자산배분2,38380,2001-01-09,증권투자회사법 64조에 의한 해산사유 발생,
221,마이다스테2,39050,2001-01-09,증권투자회사법 64조에 의한 해산사유 발생,
220,벽산개발,2080,2000-12-22,해산 사유 발생,
219,박현주3성장,37770,2000-12-19,증권투자회사법 64조에 의한 해산사유 발생,
218,박현주4성장,37780,2000-12-19,증권투자회사법 64조에 의한 해산사유 발생,
217,박현주5호,38030,2000-12-19,증권투자회사법 64조에 의한 해산사유 발생,
216,삼성투신증권,22060,2000-12-13,피흡수합병,
215,신화건설,6160,2000-12-12,회사정리절차 폐지 결정,
214,KTB전환형1,37360,2000-11-28,증권투자회사법 64조에 의한 해산사유 발생,
213,미주실업,15060,2000-11-28,기타 등록취소,
212,마이다스전이,38310,2000-11-28,증권투자회사법 64조에 의한 해산사유 발생,
211,월드그랜드1,38020,2000-11-28,증권투자회사법 64조에 의한 해산사유 발생,
210,박현주자산1,37490,2000-11-28,증권투자회사법 64조에 의한 해산사유 발생,
209,박현주2성장,37480,2000-11-24,존속기간 만료,
208,알바트로스 4,37180,2000-11-07,증권투자회사법 64조에 의한 해산사유 발생,
207,리젠트프로1,37430,2000-11-07,증권투자회사법 64조에 의한 해산사유 발생,
206,이글5호,37190,2000-11-07,증권투자회사법 64조에 의한 해산사유 발생,
205,엘리트1호,37670,2000-11-07,증권투자회사법 64조에 의한 해산사유 발생,
204,옵티멈전환일,38270,2000-11-01,존속기간 만료,
203,실크자산3,37040,2000-10-24,증권투자회사법 64조에 의한 해산사유 발생,
202,알바트로스3,36780,2000-10-17,증권투자회사법 64조에 의한 해산사유 발생,
201,한국내화,10040,2000-10-16,증권거래소 상장,한국내화
200,유리피아이일,36960,2000-10-04,증권투자회사법 64조에 의한 해산사유 발생,
199,유리배분일,37530,2000-10-04,증권투자회사법 64조에 의한 해산사유 발생,
198,유리중립일,36950,2000-10-04,증권투자회사법 64조에 의한 해산사유 발생,
197,유리아이피일,37520,2000-10-04,증권투자회사법 64조에 의한 해산사유 발생,
196,장인환1호,36870,2000-09-30,존속기간 만료,
195,리젠트성장1,36970,2000-09-26,증권투자회사법 64조에 의한 해산사유 발생,
194,실크자산2,36650,2000-09-26,증권투자회사법 64조에 의한 해산사유 발생,
193,LG정보통신,11650,2000-09-20,해산 사유 발생,
192,호크아이즈증권투자회,34760,2000-09-19,증권투자회사법 64조에 의한 해산사유 발생,
191,미래에셋실크로드자산,36300,2000-09-19,증권투자회사법 64조에 의한 해산사유 발생,
190,신광산업,5410,2000-09-09,회사정리절차 폐지 결정,
189,미래에셋크린채권형이,36310,2000-09-05,증권투자회사법 64조에 의한 해산사유 발생,
188,교보그로쓰,35970,2000-09-05,증권투자회사법 64조에 의한 해산사유 발생,
187,교보성공파트너크린앤,35980,2000-09-05,증권투자회사법 64조에 의한 해산사유 발생,
186,마이다스하이테크성장,36400,2000-09-05,증권투자회사법 64조에 의한 해산사유 발생,
185,나라종금,16390,2000-08-29,해산 사유 발생,
184,마이다스전환형일호펀,36040,2000-08-22,증권투자회사법 64조에 의한 해산사유 발생,
183,박현주드림팔호자산배,35860,2000-08-22,증권투자회사법 64조에 의한 해산사유 발생,
182,미래에셋크린채권형일,35820,2000-08-22,증권투자회사법 64조에 의한 해산사유 발생,
181,다임마이스터보험형일,36440,2000-08-22,증권투자회사법 64조에 의한 해산사유 발생,
180,리젠트뮤추얼원자산배,36330,2000-08-22,증권투자회사법 64조에 의한 해산사유 발생,
179,에스이아이주,35940,2000-08-22,증권투자회사법 64조에 의한 해산사유 발생,
178,다임마이스터전환형일,36430,2000-08-22,증권투자회사법 64조에 의한 해산사유 발생,
177,대신불펀드일,36390,2000-08-14,존속기간 만료,
176,박현주드림칠호자산배,35790,2000-08-08,증권투자회사법 64조에 의한 해산사유 발생,
175,박현주드림육호자산배,35700,2000-08-01,증권투자회사법 64조에 의한 해산사유 발생,
174,동남리스,26240,2000-07-28,주된영업의 양도,
173,삼성프라임성장형뮤추,35530,2000-07-19,증권투자회사법 64조에 의한 해산사유 발생,
172,삼성그랑프리전환형뮤,35520,2000-07-19,증권투자회사법 64조에 의한 해산사유 발생,
171,플러스3호,35410,2000-07-19,증권투자회사법 64조에 의한 해산사유 발생,
170,인베스티움사파이어성,34340,2000-07-19,증권투자회사법 64조에 의한 해산사유 발생,
169,인베스티움사파이어전,34330,2000-07-19,증권투자회사법 64조에 의한 해산사유 발생,
168,마이다스자산배분형일,35880,2000-07-19,증권투자회사법 64조에 의한 해산사유 발생,
167,챌린지성장2,35680,2000-07-19,증권투자회사법 64조에 의한 해산사유 발생,
166,챌린지전환1,35670,2000-07-19,증권투자회사법 64조에 의한 해산사유 발생,
165,미래에셋박현주드림오,35540,2000-07-19,증권투자회사법 64조에 의한 해산사유 발생,
164,대전금고,6300,2000-07-07,주된영업의 양도,
163,미래에셋드림사호펀드,35470,2000-07-04,증권투자회사법 64조에 의한 해산사유 발생,
162,한국벨트,840,2000-06-30,회사정리절차 폐지 결정,
161,대한모방,1350,2000-06-30,회사정리절차 폐지 결정,
160,삼익주택,5580,2000-06-30,회사정리절차 개시 신청 기각 결정,
159,경동산업,2940,2000-06-30,회사정리절차 폐지 결정,
158,미래에셋실크로드이호,35310,2000-06-29,증권투자회사법 64조에 의한 해산사유 발생,
157,마이다스성일,35590,2000-06-24,존속기간 만료,
156,미래에셋알바트로스이,35320,2000-06-15,증권투자회사법 64조에 의한 해산사유 발생,
155,미래에셋드림삼호펀드,35330,2000-06-15,증권투자회사법 64조에 의한 해산사유 발생,
154,미래에셋실크로드펀드,35300,2000-06-15,증권투자회사법 64조에 의한 해산사유 발생,
153,동신특강,24920,2000-06-07,"자본전액잠식(2년) , 기타 등록취소",
152,임광토건,1850,2000-06-07,주식분산기준미달,
151,유진화학,3430,2000-06-07,주식분산기준미달,
150,엘티삼보,11870,2000-06-07,"보고서미제출 , 기타 등록취소",
149,삼경정밀,13320,2000-06-07,자본전액잠식(2년),
148,동양기공,18720,2000-06-07,"자본전액잠식(2년) , 기타 등록취소",
147,금강정공,22770,2000-06-07,"자본전액잠식(2년) , 기타 등록취소",
146,대륭산업,27610,2000-06-07,"최종부도 또는 당좌거래정지(1년) , 주식분산기준미달 , 기타 등록취소",
145,원진,5370,2000-06-07,주식분산기준미달,
144,대신석유,7930,2000-06-07,주식분산기준미달,
143,정일이엔씨,10810,2000-06-07,"최종부도 또는 당좌거래정지(1년) , 자본전액잠식(2년)",
142,삼산,12010,2000-06-07,"최종부도 또는 당좌거래정지(1년) , 보고서미제출 , 기타 등록취소 , 주식분산기준미달",
141,에스씨옵티콤,14090,2000-06-07,자본전액잠식(2년),
140,두원중공업,13900,2000-06-07,자본전액잠식(2년),
139,교하산업,13850,2000-06-07,"최종부도 또는 당좌거래정지(1년) , 기타 등록취소 , 자본전액잠식(2년)",
138,아진산업,13310,2000-06-07,"최종부도 또는 당좌거래정지(1년) , 자본전액잠식(2년) , 기타 등록취소 , 주식분산기준미달",아진산업
137,주화산업,17740,2000-06-07,"최종부도 또는 당좌거래정지(1년) , 자본전액잠식(2년) , 기타 등록취소",
136,라인건설,17620,2000-06-07,"최종부도 또는 당좌거래정지(1년) , 기타 등록취소",
135,동호전기,22510,2000-06-07,"자본전액잠식(2년) , 기타 등록취소",
134,삼주건설,25150,2000-06-07,"주식분산기준미달 , 자본전액잠식(2년)",
133,대동금고,7090,2000-05-29,피흡수합병,
132,호남식품,7100,2000-05-27,상장폐지유예기간종료,
131,플러스2호,35160,2000-05-25,증권투자회사법 64조에 의한 해산사유 발생,
130,엠피챌린지,35340,2000-05-20,존속기간 만료,
129,플래티넘타겟,35050,2000-05-12,존속기간 만료,
128,한국안전유리,18550,2000-05-04,신청에 의한 상장폐지,
127,플래티넘3호,35040,2000-04-29,존속기간 만료,
126,협화,7840,2000-04-28,주식분산기준미달,
125,미래에셋드림이호펀드,34960,2000-04-19,증권투자회사법 64조에 의한 해산사유 발생,
124,미래에셋이글사호펀드,34570,2000-04-19,증권투자회사법 64조에 의한 해산사유 발생,
123,고려화학,10110,2000-04-17,해산 사유 발생,
122,플러스1호,34990,2000-04-17,존속기간 만료,
121,강원산업,900,2000-04-12,해산 사유 발생,
120,하이프로증권투자회사,34920,2000-03-30,증권투자회사법 64조에 의한 해산사유 발생,
119,미래에셋드림펀드,34820,2000-03-30,증권투자회사법 64조에 의한 해산사유 발생,
118,플래티넘2호,34850,2000-03-25,존속기간 만료,
117,트윈스비전일,34840,2000-03-24,존속기간 만료,
116,SEI에셋,34770,2000-02-25,존속기간 만료,
115,교보성공파트너일호펀,34650,2000-02-24,증권투자회사법 64조에 의한 해산사유 발생,
114,만도기계,5790,2000-02-12,해산 사유 발생,
113,진로식품,4730,2000-01-29,상장폐지유예기간종료,
112,삼천전기,8920,2000-01-28,피흡수합병,
111,한빛세이프티일호증권,34430,2000-01-27,증권투자회사법 64조에 의한 해산사유 발생,
110,동원뮤추얼장보고1호,34470,2000-01-27,증권투자회사법 64조에 의한 해산사유 발생,
109,한빛세이프티이호증권,34440,2000-01-27,증권투자회사법 64조에 의한 해산사유 발생,
108,트윈스챌린지펀드,34350,2000-01-27,증권투자회사법 64조에 의한 해산사유 발생,
107,미래에셋이글삼호펀드,34560,2000-01-27,증권투자회사법 64조에 의한 해산사유 발생,
106,미래에셋이글이호펀드,34460,2000-01-27,증권투자회사법 64조에 의한 해산사유 발생,
105,미래에셋이글일호펀드,34450,2000-01-27,증권투자회사법 64조에 의한 해산사유 발생,
104,제일곡산,11890,2000-01-18,기타 등록취소,
103,하림지주,3380,2000-01-18,기타 등록취소,하림지주
102,남송개발,6000,2000-01-18,기타 등록취소,
101,플래티넘1호,34580,2000-01-15,존속기간 만료,
100,삼성프라임증권투자회,34270,2000-01-11,증권투자회사법 64조에 의한 해산사유 발생,
99,삼성라이프에머랄드일,34320,2000-01-11,증권투자회사법 64조에 의한 해산사유 발생,
98,박현주 5호,34290,2000-01-11,증권투자회사법 64조에 의한 해산사유 발생,
97,삼성다이나믹증권투자,34260,2000-01-11,증권투자회사법 64조에 의한 해산사유 발생,
96,미래에셋박현주사호펀,34280,2000-01-11,증권투자회사법 64조에 의한 해산사유 발생,
95,한세예스24홀딩스,16450,2000-01-06,증권거래소 상장,한세예스24홀딩스
94,티엘씨레저,14590,2000-01-06,증권거래소 상장,
93,박현주1호,34160,1999-12-22,증권투자회사법 제64조의 규정에 의한 해산사유의 발생,
92,박현주2호,34170,1999-12-22,증권투자회사법 제64조의 규정에 의한 해산사유의 발생,
91,대원제약,3220,1999-12-15,증권거래소 상장,대원제약
90,알바트로스,34180,1999-12-14,존속기간 만료,
89,박현주3호,34200,1999-12-10,존속기간 만료,
88,미래아이앤지,7120,1999-11-26,증권거래소 상장,미래아이앤지
87,장은증권,1170,1999-11-25,상장폐지유예기간종료,
86,대한종금,9030,1999-11-20,최종부도발생,
85,기라정보통신,19930,1999-11-18,증권거래소 상장,
84,LG종금,8810,1999-11-01,해산 사유 발생,
83,대동모빌리티,12350,1999-10-30,주식분산기준미달,
82,자유건설,1990,1999-10-30,주식분산기준미달,
81,성담,3860,1999-10-30,주식분산기준미달,
80,다다,23140,1999-10-30,주식분산기준미달,
79,현대반도체,29890,1999-10-27,해산 사유 발생,
78,대한중석,160,1999-10-27,영업활동정지 6월 계속,
77,피앤텍,13820,1999-10-27,회사정리절차 개시 신청 기각,
76,태흥피혁,16680,1999-10-27,회사정리절차 개시 신청 기각,
75,영진테크,12470,1999-10-27,상장폐지유예기간종료,
74,태영판지공업,11940,1999-10-27,상장폐지유예기간종료,
73,유성,2340,1999-10-27,영업활동정지 6월 계속,
72,동국전자,12220,1999-10-27,상장폐지유예기간종료,
71,신호전자,8190,1999-10-27,영업활동정지 6월 계속,
70,엔케이텔레콤,3290,1999-10-27,영업활동정지 6월 계속,
69,한라시멘트,12910,1999-10-27,영업활동정지 6월 계속,
68,중원,3840,1999-10-02,상장폐지유예기간종료,
67,거성산업,8100,1999-10-02,회사정리절차 폐지 결정,
66,신화,16640,1999-10-02,상장폐지유예기간종료,
65,한국물산,11820,1999-10-02,상장폐지유예기간종료,
64,강원은행,6590,1999-09-30,해산 사유 발생,
63,동방전자,4480,1999-09-09,자진 등록취소 신청,
62,신원제이엠씨,1160,1999-08-27,해산 사유 발생,
61,한진건설,5660,1999-08-27,해산 사유 발생,
60,한국조선해양,9540,1999-08-24,증권거래소 상장,한국조선해양
59,디씨엠,24090,1999-08-18,증권거래소 상장,디씨엠
58,한국금고,6540,1999-07-26,주식분산기분 미달,
57,동화금고,7260,1999-07-26,주식분산기분 미달,
56,대우정밀공업,15730,1999-07-22,해산 사유 발생,
55,유산실업,15910,1999-07-22,주식분산기분 미달,
54,유진산업,18380,1999-07-22,주식분산기분 미달,
53,삼협산업,23880,1999-07-22,주식분산기준 미달,
52,한양철강,26930,1999-07-22,주식분산기준 미달,
51,일신,12540,1999-07-22,주식분산기분 미달,
50,대동,14380,1999-07-22,주식분산기분 미달,
49,(주)이동수에프엔지,20880,1999-07-22,주식분산기분 미달,
48,익산,23710,1999-07-22,주식분산기분 미달,
47,한일제관,26950,1999-07-22,주식분산기준 미달,
46,화니백화점,31090,1999-07-22,주식분산기준 미달,
45,동국방직,11180,1999-07-21,해산 사유 발생,
44,기아차판매,7170,1999-07-16,해산 사유 발생,
43,아시아차,4280,1999-07-16,해산 사유 발생,
42,한국종합철관,14340,1999-06-24,최종부도 또는 당좌거래정지(1년),
41,쌍용제지,5100,1999-06-16,신청에 의한 상장폐지,
40,태화,510,1999-05-25,자본전액잠식,
39,충북은행,7240,1999-05-21,해산 사유 발생,
38,국정교과서,24930,1999-05-18,피흡수합병,
37,캡스,7020,1999-05-15,등록법인의 취소신청,
36,현대차써비스,9650,1999-04-15,해산 사유 발생,
35,한국대아진공,29470,1999-04-12,부도,
34,LG금속,170,1999-04-08,해산 사유 발생,
33,광주고속,28800,1999-03-22,상장폐지유예기간종료,
32,금호건설,570,1999-03-22,해산 사유 발생,
31,고려석유화학,21170,1999-03-22,해산 사유 발생,
30,고합물산,7380,1999-03-22,해산 사유 발생,
29,대구리스금융,25090,1999-03-11,주된영업의 양도,
28,영성제강,26920,1999-03-11,부도,
27,경북금고,8050,1999-03-11,주된 영업의 양도,
26,부산리스금융,18480,1999-03-11,주된영업의 양도,
25,중앙리스금융,21870,1999-03-11,주된영업의 양도,
24,중앙금고,25220,1999-03-11,주된영업의 양도,
23,경기은행,6320,1999-02-25,해산 사유 발생,
22,충청은행,5510,1999-02-25,해산 사유 발생,
21,동화은행,21310,1999-02-25,해산 사유 발생,
20,동남은행,21610,1999-02-25,해산 사유 발생,
19,대동은행,21600,1999-02-25,해산 사유 발생,
18,현대종금,11880,1999-02-22,해산 사유 발생,
17,한일방직,4210,1999-02-12,상장폐지유예기간종료,
16,엘에스오토모티브,8580,1999-02-12,등록법인의 취소신청,
15,대진정밀화학,33350,1999-02-12,등록법인의 취소신청,
14,공영토건,1700,1999-02-12,자본전액잠식,
13,보람은행,8890,1999-01-26,해산 사유 발생,
12,한외종금,14150,1999-01-25,해산 사유 발생,
11,현대리바트,12830,1999-01-22,해산 사유 발생,
10,새한종금,11960,1999-01-16,해산 사유 발생,
9,한주전자,7000,1999-01-16,영업활동정지 6월 계속,
8,태양이앤테크,13070,1999-01-16,영업활동정지 6월 계속,
7,기산,11470,1999-01-16,해산 사유 발생,
6,한길종금,14430,1999-01-16,해산 사유 발생,
5,크롭사이언스,870,1999-01-15,등록법인의 취소신청,
4,어필텔레콤,33510,1999-01-15,주식양도 제한,
3,한일은행,130,1999-01-11,해산 사유 발생,
2,장기은행,5020,1999-01-08,해산 사유 발생,
1,한화기계,930,1999-01-04,해산 사유 발생,